product_id,naive_smape,naive_mase,arima_smape,arima_mase
1f59c631-ca0d-47d9-aac2-8da2dbc1f134,5.892646868079187,2.291739852280817,6.445603899514254,2.447246669357247
ba6585d8-4881-4569-a4ef-e458cb9dabd6,5.235371366722446,2.3492872785871057,6.308204303132184,2.4476792163345644
f596dfea-1a5b-4173-aa60-1fbad5af36da,5.507918510820414,2.668875123295458,7.081364098293454,3.076456352821687
