Model,MAE,RMSE
SARIMA,4.80291818864862,5.524540082527441
Holt-Winters,7.150068689859986,7.746832090104608
Random Forest,1.0562408952714104,2.06537384253378
