sessions_count,avg_engagement_time_sec,pageviews_per_session,compare_ratio,specials_ratio,mylists_ratio,category_browse_ratio,product_detail_ratio,unique_pages_visited,browsing_entropy,days_since_first_visit,days_since_last_activity,user_pseudo_id,reporting_window_start,reporting_window_end,is_included_in_run
1,15.39,2.67,0.0,0.0,0.0,0.0382,0.0255,3,0.0112,10,10,syn_20260831_000001,2026-08-17,2026-08-30,1
5,194.98,9.85,0.0618,0.0694,0.275,0.1673,0.0697,19,0.75,14,1,syn_20260831_000002,2026-08-17,2026-08-30,1
3,163.32,5.57,0.0982,0.0104,0.1,0.1514,0.3,8,0.4323,9,6,syn_20260831_000003,2026-08-17,2026-08-30,1
4,97.8,6.74,0.3371,0.3073,0.0233,0.05,0.0219,14,0.6781,8,0,syn_20260831_000004,2026-08-17,2026-08-30,1
5,94.89,6.99,0.15,0.3113,0.0392,0.1342,0.0788,15,0.8408,8,4,syn_20260831_000005,2026-08-17,2026-08-30,1
5,152.71,5.68,0.25,0.1814,0.031,0.0789,0.0747,15,0.6049,12,0,syn_20260831_000006,2026-08-17,2026-08-30,1
4,90.5,8.0,0.2757,0.2894,0.0113,0.0617,0.0672,14,0.778,9,2,syn_20260831_000007,2026-08-17,2026-08-30,1
4,123.68,4.67,0.0524,0.0306,0.0315,0.2125,0.2151,8,0.5929,9,4,syn_20260831_000008,2026-08-17,2026-08-30,1
4,138.58,5.91,0.3015,0.2754,0.0302,0.1473,0.0216,10,0.6797,11,3,syn_20260831_000009,2026-08-17,2026-08-30,1
3,251.62,3.59,0.0876,0.0096,0.0441,0.1354,0.1866,6,0.347,6,4,syn_20260831_000010,2026-08-17,2026-08-30,1
1,38.56,2.0,0.0,0.0,0.0,0.0296,0.0495,2,0.1232,8,0,syn_20260831_000011,2026-08-17,2026-08-30,1
6,216.63,8.87,0.1019,0.0638,0.2456,0.1935,0.0997,13,0.6064,12,2,syn_20260831_000012,2026-08-17,2026-08-30,1
4,131.76,5.56,0.0558,0.0352,0.0202,0.1257,0.3,11,0.4019,9,6,syn_20260831_000013,2026-08-17,2026-08-30,1
6,145.5,5.42,0.2878,0.3217,0.0271,0.1389,0.0411,13,0.634,9,3,syn_20260831_000014,2026-08-17,2026-08-30,1
7,140.31,7.11,0.0787,0.0578,0.287,0.1422,0.1149,18,0.7377,9,2,syn_20260831_000015,2026-08-17,2026-08-30,1
4,110.66,6.7,0.2944,0.2455,0.0036,0.1142,0.0178,8,0.6579,9,1,syn_20260831_000016,2026-08-17,2026-08-30,1
2,217.67,5.51,0.053,0.0309,0.0,0.2205,0.2861,10,0.4102,9,0,syn_20260831_000017,2026-08-17,2026-08-30,1
3,243.32,6.72,0.075,0.0031,0.1,0.1522,0.2119,7,0.6014,9,3,syn_20260831_000018,2026-08-17,2026-08-30,1
2,152.87,6.75,0.0799,0.0448,0.0403,0.1466,0.2194,7,0.416,4,4,syn_20260831_000019,2026-08-17,2026-08-30,1
4,125.21,5.88,0.281,0.2067,0.0231,0.1281,0.077,9,0.6952,8,3,syn_20260831_000020,2026-08-17,2026-08-30,1
3,123.71,3.41,0.0648,0.036,0.0029,0.1096,0.1646,7,0.3894,8,4,syn_20260831_000021,2026-08-17,2026-08-30,1
2,283.38,3.65,0.0126,0.0351,0.0148,0.1267,0.2164,6,0.575,12,1,syn_20260831_000022,2026-08-17,2026-08-30,1
3,89.45,7.97,0.2218,0.3115,0.0116,0.1288,0.0596,9,0.8238,9,1,syn_20260831_000023,2026-08-17,2026-08-30,1
2,126.29,3.66,0.1,0.0443,0.0374,0.2253,0.2378,5,0.412,10,1,syn_20260831_000024,2026-08-17,2026-08-30,1
5,121.96,9.01,0.122,0.0843,0.1946,0.1835,0.1419,19,0.5876,6,1,syn_20260831_000025,2026-08-17,2026-08-30,1
8,184.93,9.6,0.1067,0.0523,0.2733,0.1211,0.0609,14,0.6546,12,0,syn_20260831_000026,2026-08-17,2026-08-30,1
5,180.0,7.44,0.1831,0.2265,0.0186,0.1335,0.0551,10,0.85,8,2,syn_20260831_000027,2026-08-17,2026-08-30,1
6,159.31,6.81,0.244,0.2625,0.0034,0.1011,0.0347,12,0.8297,10,3,syn_20260831_000028,2026-08-17,2026-08-30,1
6,224.63,5.49,0.0643,0.1173,0.1535,0.1,0.1498,19,0.5276,11,0,syn_20260831_000029,2026-08-17,2026-08-30,1
7,125.38,9.57,0.1255,0.0987,0.1992,0.1107,0.0932,20,0.7118,7,2,syn_20260831_000030,2026-08-17,2026-08-30,1
6,221.64,6.01,0.0888,0.0976,0.2676,0.1769,0.071,11,0.704,9,1,syn_20260831_000031,2026-08-17,2026-08-30,1
4,111.91,7.96,0.15,0.35,0.0253,0.0749,0.014,13,0.6723,10,0,syn_20260831_000032,2026-08-17,2026-08-30,1
4,216.23,4.2,0.1,0.0453,0.0624,0.1803,0.3,12,0.5883,14,6,syn_20260831_000033,2026-08-17,2026-08-30,1
5,127.75,7.8,0.3306,0.3464,0.021,0.0921,0.0649,8,0.744,9,2,syn_20260831_000034,2026-08-17,2026-08-30,1
1,29.26,2.72,0.0,0.0,0.0,0.0476,0.0135,2,0.0528,8,3,syn_20260831_000035,2026-08-17,2026-08-30,1
3,163.5,5.44,0.15,0.3049,0.0342,0.1025,0.0367,8,0.6484,9,1,syn_20260831_000036,2026-08-17,2026-08-30,1
1,23.88,2.44,0.0,0.0,0.0,0.0176,0.0028,2,0.0711,14,4,syn_20260831_000037,2026-08-17,2026-08-30,1
3,187.84,3.12,0.0393,0.014,0.0124,0.222,0.15,9,0.3013,9,1,syn_20260831_000038,2026-08-17,2026-08-30,1
1,10.84,2.49,0.0,0.0,0.0,0.0,0.0061,2,0.0664,9,2,syn_20260831_000039,2026-08-17,2026-08-30,1
1,26.4,2.99,0.0,0.0,0.0,0.0008,0.0118,3,0.0457,11,4,syn_20260831_000040,2026-08-17,2026-08-30,1
4,67.14,5.15,0.3265,0.3346,0.0247,0.0595,0.0306,13,0.6253,10,1,syn_20260831_000041,2026-08-17,2026-08-30,1
1,21.1,2.36,0.0,0.0,0.0,0.0283,0.0057,2,0.0639,4,0,syn_20260831_000042,2026-08-17,2026-08-30,1
3,134.17,5.58,0.035,0.0031,0.0686,0.1671,0.1631,9,0.6357,9,1,syn_20260831_000043,2026-08-17,2026-08-30,1
1,32.96,2.27,0.0,0.0,0.0,0.038,0.0188,2,0.0144,6,1,syn_20260831_000044,2026-08-17,2026-08-30,1
1,7.93,2.67,0.0,0.0,0.0,0.0395,0.0398,3,0.1231,9,4,syn_20260831_000045,2026-08-17,2026-08-30,1
1,18.77,2.8,0.0,0.0,0.0,0.0288,0.0039,2,0.1965,9,1,syn_20260831_000046,2026-08-17,2026-08-30,1
4,150.24,5.43,0.2173,0.3357,0.0198,0.129,0.0214,11,0.77,14,0,syn_20260831_000047,2026-08-17,2026-08-30,1
3,138.22,7.74,0.0472,0.0233,0.0136,0.1275,0.3,9,0.53,14,0,syn_20260831_000048,2026-08-17,2026-08-30,1
5,105.51,5.02,0.3273,0.1928,0.0316,0.1144,0.0011,8,0.831,5,3,syn_20260831_000049,2026-08-17,2026-08-30,1
1,29.27,2.28,0.0,0.0,0.0,0.005,0.0157,2,0.0,12,9,syn_20260831_000050,2026-08-17,2026-08-30,1
7,169.43,7.06,0.0906,0.134,0.1659,0.1526,0.0955,18,0.6188,10,0,syn_20260831_000051,2026-08-17,2026-08-30,1
8,119.7,7.15,0.1349,0.0833,0.2557,0.1107,0.1145,14,0.665,12,1,syn_20260831_000052,2026-08-17,2026-08-30,1
2,14.16,3.66,0.0072,0.0198,0.0155,0.0524,0.01,4,0.1574,7,3,syn_20260831_000053,2026-08-17,2026-08-30,1
3,156.39,3.0,0.0277,0.0148,0.0,0.2255,0.245,6,0.404,8,1,syn_20260831_000054,2026-08-17,2026-08-30,1
3,227.08,3.0,0.0762,0.0348,0.0171,0.1726,0.254,9,0.3547,5,4,syn_20260831_000055,2026-08-17,2026-08-30,1
1,27.13,2.65,0.0,0.0,0.0,0.0389,0.0099,3,0.1391,9,4,syn_20260831_000056,2026-08-17,2026-08-30,1
3,209.11,6.0,0.0154,0.0167,0.0166,0.1282,0.3,9,0.5261,3,1,syn_20260831_000057,2026-08-17,2026-08-30,1
5,128.33,7.36,0.2084,0.2074,0.0393,0.0547,0.0743,9,0.7638,11,1,syn_20260831_000058,2026-08-17,2026-08-30,1
4,180.0,4.35,0.3257,0.2255,0.0409,0.1317,0.0465,13,0.7572,10,1,syn_20260831_000059,2026-08-17,2026-08-30,1
4,87.34,6.0,0.2632,0.35,0.0127,0.0948,0.0607,10,0.6823,13,1,syn_20260831_000060,2026-08-17,2026-08-30,1
1,36.88,2.16,0.0,0.0,0.0,0.049,0.0211,2,0.1881,10,4,syn_20260831_000061,2026-08-17,2026-08-30,1
1,6.02,2.88,0.0,0.0,0.0,0.0,0.0358,3,0.145,14,6,syn_20260831_000062,2026-08-17,2026-08-30,1
6,209.13,7.46,0.0716,0.0558,0.2295,0.173,0.0801,10,0.5359,11,3,syn_20260831_000063,2026-08-17,2026-08-30,1
2,146.5,3.0,0.0228,0.0221,0.05,0.1209,0.2408,6,0.4935,9,4,syn_20260831_000064,2026-08-17,2026-08-30,1
5,240.0,6.97,0.1172,0.1051,0.2452,0.114,0.133,14,0.6895,10,1,syn_20260831_000065,2026-08-17,2026-08-30,1
5,146.12,9.19,0.0732,0.15,0.15,0.1842,0.0959,18,0.7306,10,2,syn_20260831_000066,2026-08-17,2026-08-30,1
3,202.3,3.25,0.0603,0.0058,0.0283,0.2337,0.1577,8,0.3455,5,2,syn_20260831_000067,2026-08-17,2026-08-30,1
5,73.65,6.81,0.3191,0.2925,0.0488,0.0974,0.0869,12,0.8021,9,4,syn_20260831_000068,2026-08-17,2026-08-30,1
6,99.01,7.46,0.074,0.1021,0.2064,0.1244,0.119,10,0.6215,7,1,syn_20260831_000069,2026-08-17,2026-08-30,1
6,93.82,5.81,0.3073,0.35,0.0328,0.0674,0.0181,12,0.85,9,1,syn_20260831_000070,2026-08-17,2026-08-30,1
3,67.88,4.82,0.183,0.15,0.0102,0.0767,0.0884,13,0.7995,6,0,syn_20260831_000071,2026-08-17,2026-08-30,1
3,169.35,4.45,0.039,0.0458,0.0154,0.1634,0.1639,5,0.3741,9,4,syn_20260831_000072,2026-08-17,2026-08-30,1
5,158.76,6.0,0.2579,0.2496,0.0257,0.1092,0.0298,12,0.8405,13,3,syn_20260831_000073,2026-08-17,2026-08-30,1
6,240.0,6.06,0.0747,0.0622,0.2518,0.1543,0.0758,13,0.502,11,2,syn_20260831_000074,2026-08-17,2026-08-30,1
3,104.57,6.79,0.3334,0.2483,0.0048,0.147,0.1,14,0.6,9,3,syn_20260831_000075,2026-08-17,2026-08-30,1
1,7.66,2.24,0.0,0.0,0.0,0.0193,0.0131,2,0.1477,14,7,syn_20260831_000076,2026-08-17,2026-08-30,1
1,36.67,2.75,0.0,0.0,0.0,0.0307,0.0,2,0.1717,4,2,syn_20260831_000077,2026-08-17,2026-08-30,1
3,197.54,3.16,0.0474,0.0387,0.02,0.1765,0.1888,8,0.6,8,4,syn_20260831_000078,2026-08-17,2026-08-30,1
3,238.98,6.92,0.0656,0.0369,0.0154,0.151,0.1991,12,0.5918,5,3,syn_20260831_000079,2026-08-17,2026-08-30,1
2,180.83,4.27,0.0582,0.0,0.0369,0.1825,0.1775,6,0.4977,14,3,syn_20260831_000080,2026-08-17,2026-08-30,1
4,63.53,7.15,0.1883,0.2928,0.0088,0.1217,0.079,10,0.6255,14,2,syn_20260831_000081,2026-08-17,2026-08-30,1
4,149.62,3.52,0.0419,0.0084,0.0093,0.2398,0.1679,8,0.4266,8,1,syn_20260831_000082,2026-08-17,2026-08-30,1
6,94.58,4.64,0.289,0.2296,0.0212,0.148,0.1,11,0.6031,5,4,syn_20260831_000083,2026-08-17,2026-08-30,1
8,90.0,5.52,0.1208,0.0792,0.1927,0.1601,0.1093,18,0.5868,8,1,syn_20260831_000084,2026-08-17,2026-08-30,1
7,175.54,8.84,0.1456,0.1459,0.2832,0.1051,0.0785,11,0.6123,9,0,syn_20260831_000085,2026-08-17,2026-08-30,1
6,212.85,7.14,0.1393,0.15,0.2854,0.1143,0.0879,18,0.7009,11,1,syn_20260831_000086,2026-08-17,2026-08-30,1
2,23.13,4.0,0.0464,0.0453,0.0226,0.0982,0.0017,4,0.2573,6,1,syn_20260831_000087,2026-08-17,2026-08-30,1
6,90.0,9.5,0.1154,0.0788,0.2285,0.1602,0.0856,15,0.7072,11,2,syn_20260831_000088,2026-08-17,2026-08-30,1
5,126.19,7.71,0.0791,0.1489,0.2383,0.1684,0.0953,10,0.5891,6,2,syn_20260831_000089,2026-08-17,2026-08-30,1
1,21.87,2.8,0.0,0.0,0.0,0.0335,0.0301,3,0.0881,5,1,syn_20260831_000090,2026-08-17,2026-08-30,1
5,193.98,5.82,0.0951,0.1307,0.299,0.1138,0.1471,11,0.5011,5,1,syn_20260831_000091,2026-08-17,2026-08-30,1
4,76.73,7.21,0.2651,0.199,0.0069,0.0604,0.0433,15,0.6707,14,3,syn_20260831_000092,2026-08-17,2026-08-30,1
4,115.74,5.72,0.3322,0.2453,0.0373,0.11,0.0498,13,0.6865,9,2,syn_20260831_000093,2026-08-17,2026-08-30,1
4,208.47,7.73,0.0842,0.1225,0.2546,0.1928,0.1361,14,0.5,9,2,syn_20260831_000094,2026-08-17,2026-08-30,1
3,161.26,4.77,0.0537,0.05,0.0112,0.2416,0.2758,8,0.4224,5,3,syn_20260831_000095,2026-08-17,2026-08-30,1
5,90.0,5.07,0.0877,0.1203,0.2762,0.1815,0.0541,18,0.5645,13,3,syn_20260831_000096,2026-08-17,2026-08-30,1
1,28.0,2.36,0.0,0.0,0.0,0.0097,0.0396,2,0.1218,14,8,syn_20260831_000097,2026-08-17,2026-08-30,1
5,92.89,7.72,0.0601,0.121,0.1864,0.1225,0.122,20,0.5667,9,1,syn_20260831_000098,2026-08-17,2026-08-30,1
1,26.67,2.29,0.0,0.0,0.0,0.0326,0.0198,2,0.0,3,1,syn_20260831_000099,2026-08-17,2026-08-30,1
8,136.47,8.91,0.0573,0.0853,0.2361,0.1282,0.15,16,0.75,9,2,syn_20260831_000100,2026-08-17,2026-08-30,1
6,210.52,5.0,0.1022,0.1108,0.195,0.1696,0.1048,20,0.5866,9,2,syn_20260831_000101,2026-08-17,2026-08-30,1
4,258.71,3.0,0.0954,0.0,0.0367,0.1849,0.1691,6,0.3257,9,4,syn_20260831_000102,2026-08-17,2026-08-30,1
6,190.66,5.85,0.121,0.0678,0.2626,0.1773,0.1406,10,0.7048,9,3,syn_20260831_000103,2026-08-17,2026-08-30,1
6,174.02,8.09,0.105,0.079,0.1968,0.19,0.1086,19,0.6017,9,1,syn_20260831_000104,2026-08-17,2026-08-30,1
3,110.6,4.0,0.3051,0.1602,0.0225,0.0958,0.0253,11,0.6972,6,2,syn_20260831_000105,2026-08-17,2026-08-30,1
6,82.95,5.91,0.216,0.1704,0.022,0.1351,0.0852,15,0.661,8,1,syn_20260831_000106,2026-08-17,2026-08-30,1
3,217.74,5.27,0.0039,0.0058,0.01,0.2204,0.1819,9,0.5589,6,4,syn_20260831_000107,2026-08-17,2026-08-30,1
1,40.0,2.3,0.0,0.0,0.0,0.0346,0.0438,2,0.0293,2,0,syn_20260831_000108,2026-08-17,2026-08-30,1
5,180.0,5.37,0.3299,0.2771,0.0029,0.1337,0.0345,10,0.7404,14,1,syn_20260831_000109,2026-08-17,2026-08-30,1
6,111.04,4.62,0.2521,0.296,0.024,0.1005,0.0914,9,0.8324,4,3,syn_20260831_000110,2026-08-17,2026-08-30,1
3,196.93,7.5,0.0951,0.0377,0.082,0.1087,0.1588,7,0.6524,6,5,syn_20260831_000111,2026-08-17,2026-08-30,1
5,224.51,8.16,0.0707,0.1121,0.2923,0.1132,0.0572,12,0.6021,6,2,syn_20260831_000112,2026-08-17,2026-08-30,1
5,82.27,5.55,0.2823,0.2607,0.0272,0.0529,0.0898,10,0.6793,3,2,syn_20260831_000113,2026-08-17,2026-08-30,1
1,38.3,2.61,0.0,0.0,0.0,0.0418,0.0283,2,0.1854,11,3,syn_20260831_000114,2026-08-17,2026-08-30,1
5,81.14,5.13,0.2063,0.2911,0.0157,0.0628,0.066,12,0.7289,14,3,syn_20260831_000115,2026-08-17,2026-08-30,1
1,24.81,2.69,0.0,0.0,0.0,0.0155,0.0178,3,0.1108,1,0,syn_20260831_000116,2026-08-17,2026-08-30,1
4,108.09,5.46,0.1932,0.1717,0.0051,0.088,0.0787,8,0.6656,6,3,syn_20260831_000117,2026-08-17,2026-08-30,1
8,102.18,6.5,0.1007,0.0751,0.17,0.1097,0.1035,13,0.6879,9,1,syn_20260831_000118,2026-08-17,2026-08-30,1
6,74.78,6.51,0.1968,0.2209,0.0157,0.15,0.0512,10,0.788,8,2,syn_20260831_000119,2026-08-17,2026-08-30,1
7,190.47,7.44,0.1084,0.0696,0.2563,0.1251,0.128,15,0.7155,5,0,syn_20260831_000120,2026-08-17,2026-08-30,1
3,192.13,4.31,0.0703,0.0322,0.0434,0.1502,0.2434,6,0.3197,9,4,syn_20260831_000121,2026-08-17,2026-08-30,1
3,88.06,6.87,0.2923,0.2937,0.0277,0.082,0.0609,9,0.6992,10,4,syn_20260831_000122,2026-08-17,2026-08-30,1
3,93.15,6.45,0.2945,0.3185,0.0255,0.0955,0.0303,9,0.6334,5,1,syn_20260831_000123,2026-08-17,2026-08-30,1
7,142.18,8.77,0.1135,0.1155,0.2619,0.1574,0.1031,13,0.5675,9,1,syn_20260831_000124,2026-08-17,2026-08-30,1
1,40.0,2.5,0.0,0.0,0.0,0.0443,0.0418,2,0.046,9,6,syn_20260831_000125,2026-08-17,2026-08-30,1
5,77.77,5.46,0.3032,0.1821,0.0016,0.0931,0.0374,10,0.6418,14,2,syn_20260831_000126,2026-08-17,2026-08-30,1
7,143.96,9.21,0.0668,0.138,0.1985,0.1237,0.1317,11,0.75,10,2,syn_20260831_000127,2026-08-17,2026-08-30,1
4,124.96,6.6,0.15,0.3079,0.05,0.0709,0.0191,8,0.7994,8,0,syn_20260831_000128,2026-08-17,2026-08-30,1
2,18.51,2.06,0.0396,0.0475,0.05,0.0934,0.0269,2,0.1516,6,1,syn_20260831_000129,2026-08-17,2026-08-30,1
2,17.87,3.67,0.0311,0.0487,0.0189,0.0541,0.0289,3,0.2247,2,1,syn_20260831_000130,2026-08-17,2026-08-30,1
4,94.31,7.4,0.3141,0.2529,0.0468,0.0865,0.0814,13,0.763,9,4,syn_20260831_000131,2026-08-17,2026-08-30,1
1,24.73,2.82,0.0,0.0,0.0,0.0403,0.0408,2,0.128,9,2,syn_20260831_000132,2026-08-17,2026-08-30,1
5,167.14,6.56,0.3242,0.35,0.039,0.0686,0.0568,15,0.6695,6,0,syn_20260831_000133,2026-08-17,2026-08-30,1
2,130.93,4.92,0.087,0.0485,0.0037,0.2,0.2904,7,0.6899,12,4,syn_20260831_000134,2026-08-17,2026-08-30,1
1,21.36,2.57,0.0,0.0,0.0,0.0166,0.0109,2,0.1487,9,0,syn_20260831_000135,2026-08-17,2026-08-30,1
2,292.39,3.99,0.0728,0.0118,0.0064,0.1,0.2064,8,0.376,9,3,syn_20260831_000136,2026-08-17,2026-08-30,1
5,109.21,4.28,0.2228,0.2099,0.0094,0.05,0.0297,13,0.7169,9,1,syn_20260831_000137,2026-08-17,2026-08-30,1
6,235.6,9.37,0.0923,0.0918,0.2332,0.1587,0.106,14,0.5,7,2,syn_20260831_000138,2026-08-17,2026-08-30,1
1,33.03,2.3,0.0,0.0,0.0,0.05,0.0124,2,0.1342,2,1,syn_20260831_000139,2026-08-17,2026-08-30,1
7,132.51,9.71,0.148,0.1071,0.2834,0.1717,0.1011,18,0.5821,9,3,syn_20260831_000140,2026-08-17,2026-08-30,1
1,19.95,2.61,0.0,0.0,0.0,0.0287,0.0258,2,0.1702,7,7,syn_20260831_000141,2026-08-17,2026-08-30,1
5,160.05,6.4,0.2345,0.1923,0.0109,0.102,0.0845,9,0.831,3,3,syn_20260831_000142,2026-08-17,2026-08-30,1
2,57.26,3.55,0.0204,0.018,0.0405,0.0804,0.0109,2,0.2139,4,4,syn_20260831_000143,2026-08-17,2026-08-30,1
6,60.0,6.71,0.2477,0.2476,0.0301,0.1129,0.0214,14,0.6908,9,2,syn_20260831_000144,2026-08-17,2026-08-30,1
2,28.03,3.48,0.0457,0.0498,0.0187,0.0742,0.0133,4,0.0401,9,3,syn_20260831_000145,2026-08-17,2026-08-30,1
3,60.0,6.18,0.2196,0.3209,0.0274,0.1396,0.0345,8,0.6568,9,1,syn_20260831_000146,2026-08-17,2026-08-30,1
1,13.27,2.74,0.0,0.0,0.0,0.0484,0.0001,3,0.1435,3,0,syn_20260831_000147,2026-08-17,2026-08-30,1
4,145.66,5.48,0.3334,0.1515,0.044,0.15,0.0353,14,0.8037,9,2,syn_20260831_000148,2026-08-17,2026-08-30,1
1,5.0,2.65,0.0,0.0,0.0,0.014,0.0084,2,0.1617,1,0,syn_20260831_000149,2026-08-17,2026-08-30,1
3,239.45,5.35,0.0,0.0335,0.0233,0.1326,0.2258,9,0.5896,9,1,syn_20260831_000150,2026-08-17,2026-08-30,1
7,182.76,7.96,0.0845,0.109,0.15,0.1588,0.0576,18,0.521,12,1,syn_20260831_000151,2026-08-17,2026-08-30,1
5,131.68,6.56,0.1473,0.1146,0.15,0.1138,0.1303,10,0.7213,9,3,syn_20260831_000152,2026-08-17,2026-08-30,1
6,127.82,7.45,0.3321,0.1882,0.0451,0.0809,0.0483,14,0.7837,3,3,syn_20260831_000153,2026-08-17,2026-08-30,1
5,160.71,5.44,0.15,0.3255,0.0452,0.0787,0.1,13,0.8167,9,3,syn_20260831_000154,2026-08-17,2026-08-30,1
6,132.72,6.59,0.3141,0.2182,0.0331,0.0525,0.0531,12,0.7521,14,1,syn_20260831_000155,2026-08-17,2026-08-30,1
3,182.62,4.96,0.0616,0.0276,0.0,0.2264,0.3,6,0.4069,10,5,syn_20260831_000156,2026-08-17,2026-08-30,1
1,31.83,2.31,0.0,0.0,0.0,0.0146,0.0234,2,0.0103,5,5,syn_20260831_000157,2026-08-17,2026-08-30,1
5,171.37,8.85,0.0647,0.0765,0.273,0.1984,0.1224,19,0.5777,7,2,syn_20260831_000158,2026-08-17,2026-08-30,1
5,82.2,7.03,0.1562,0.2196,0.0278,0.1372,0.021,15,0.677,13,1,syn_20260831_000159,2026-08-17,2026-08-30,1
4,76.43,4.64,0.2577,0.1517,0.0222,0.1076,0.0615,8,0.6722,8,2,syn_20260831_000160,2026-08-17,2026-08-30,1
6,97.12,7.26,0.3023,0.35,0.0255,0.1395,0.0009,15,0.7081,12,4,syn_20260831_000161,2026-08-17,2026-08-30,1
6,101.3,6.42,0.1765,0.35,0.0291,0.13,0.056,11,0.8191,10,4,syn_20260831_000162,2026-08-17,2026-08-30,1
6,238.61,7.19,0.1296,0.1483,0.242,0.1594,0.1223,10,0.5501,9,1,syn_20260831_000163,2026-08-17,2026-08-30,1
1,21.74,2.77,0.0,0.0,0.0,0.0268,0.0426,2,0.1574,4,3,syn_20260831_000164,2026-08-17,2026-08-30,1
4,131.61,6.12,0.2976,0.2921,0.0381,0.05,0.0649,15,0.7182,9,1,syn_20260831_000165,2026-08-17,2026-08-30,1
4,127.57,4.64,0.2694,0.2838,0.0278,0.0855,0.0539,13,0.6637,4,2,syn_20260831_000166,2026-08-17,2026-08-30,1
3,141.04,4.88,0.2488,0.2949,0.0161,0.1147,0.0428,14,0.7161,8,0,syn_20260831_000167,2026-08-17,2026-08-30,1
2,33.25,2.51,0.0047,0.0127,0.0088,0.0388,0.0102,5,0.2436,2,1,syn_20260831_000168,2026-08-17,2026-08-30,1
2,51.21,3.11,0.024,0.0,0.0186,0.0739,0.05,4,0.0588,3,2,syn_20260831_000169,2026-08-17,2026-08-30,1
5,67.45,6.98,0.2663,0.1856,0.0253,0.0921,0.0646,15,0.6073,9,3,syn_20260831_000170,2026-08-17,2026-08-30,1
3,180.0,5.29,0.1847,0.2509,0.0341,0.1017,0.1,14,0.7509,9,2,syn_20260831_000171,2026-08-17,2026-08-30,1
2,54.85,3.15,0.0325,0.0413,0.0147,0.0415,0.0126,3,0.1384,6,3,syn_20260831_000172,2026-08-17,2026-08-30,1
4,241.63,4.25,0.07,0.0056,0.0054,0.1318,0.1769,9,0.5613,12,5,syn_20260831_000173,2026-08-17,2026-08-30,1
1,36.59,2.56,0.0,0.0,0.0,0.0491,0.0376,2,0.1293,2,0,syn_20260831_000174,2026-08-17,2026-08-30,1
6,222.34,9.94,0.0828,0.087,0.1976,0.1481,0.0901,10,0.652,10,0,syn_20260831_000175,2026-08-17,2026-08-30,1
6,180.0,7.05,0.2981,0.194,0.0362,0.1303,0.0795,9,0.6184,9,3,syn_20260831_000176,2026-08-17,2026-08-30,1
5,123.96,6.55,0.32,0.2015,0.0236,0.0611,0.0786,12,0.6518,9,1,syn_20260831_000177,2026-08-17,2026-08-30,1
3,138.86,5.48,0.0612,0.0316,0.0103,0.1912,0.2796,7,0.3171,8,1,syn_20260831_000178,2026-08-17,2026-08-30,1
4,263.31,3.18,0.006,0.0352,0.024,0.2324,0.1676,7,0.5939,9,0,syn_20260831_000179,2026-08-17,2026-08-30,1
3,255.47,5.01,0.0804,0.0305,0.0412,0.1188,0.2458,10,0.4383,9,1,syn_20260831_000180,2026-08-17,2026-08-30,1
3,123.83,7.46,0.3415,0.2323,0.0232,0.0863,0.0985,9,0.7345,5,1,syn_20260831_000181,2026-08-17,2026-08-30,1
6,159.52,7.48,0.1047,0.1089,0.1868,0.1265,0.1363,15,0.6546,11,3,syn_20260831_000182,2026-08-17,2026-08-30,1
6,149.77,5.0,0.1278,0.128,0.2548,0.1,0.1184,18,0.5662,14,3,syn_20260831_000183,2026-08-17,2026-08-30,1
4,116.22,6.63,0.2051,0.2058,0.0257,0.0717,0.0925,13,0.8304,11,2,syn_20260831_000184,2026-08-17,2026-08-30,1
5,142.51,5.03,0.2926,0.15,0.0081,0.1389,0.0054,14,0.6768,9,2,syn_20260831_000185,2026-08-17,2026-08-30,1
3,137.46,5.95,0.0909,0.0331,0.01,0.1544,0.2094,9,0.522,5,1,syn_20260831_000186,2026-08-17,2026-08-30,1
6,192.63,6.11,0.1089,0.0594,0.2853,0.1711,0.0815,16,0.5888,9,1,syn_20260831_000187,2026-08-17,2026-08-30,1
2,26.85,3.89,0.0161,0.0,0.0205,0.0714,0.0,2,0.1851,10,1,syn_20260831_000188,2026-08-17,2026-08-30,1
6,89.29,6.04,0.2047,0.261,0.0468,0.0787,0.0766,10,0.7578,12,2,syn_20260831_000189,2026-08-17,2026-08-30,1
1,38.02,2.83,0.0,0.0,0.0,0.009,0.0273,3,0.0,9,7,syn_20260831_000190,2026-08-17,2026-08-30,1
4,169.01,6.15,0.2546,0.2991,0.0095,0.1052,0.0978,14,0.6564,8,4,syn_20260831_000191,2026-08-17,2026-08-30,1
4,152.84,5.39,0.2443,0.3057,0.0348,0.05,0.0899,15,0.6234,6,4,syn_20260831_000192,2026-08-17,2026-08-30,1
6,93.08,7.49,0.2536,0.2542,0.0183,0.1158,0.0157,15,0.6875,11,1,syn_20260831_000193,2026-08-17,2026-08-30,1
4,170.71,5.28,0.197,0.2584,0.025,0.0809,0.0277,10,0.7515,9,0,syn_20260831_000194,2026-08-17,2026-08-30,1
4,152.05,5.25,0.2029,0.1617,0.0413,0.05,0.0436,11,0.8463,7,3,syn_20260831_000195,2026-08-17,2026-08-30,1
4,176.92,4.79,0.2365,0.2643,0.0217,0.085,0.0,13,0.6,9,2,syn_20260831_000196,2026-08-17,2026-08-30,1
3,147.95,6.8,0.2454,0.35,0.0101,0.1318,0.0102,9,0.8009,9,1,syn_20260831_000197,2026-08-17,2026-08-30,1
5,90.0,6.55,0.1254,0.1146,0.15,0.1207,0.0618,11,0.7403,9,2,syn_20260831_000198,2026-08-17,2026-08-30,1
4,119.62,6.33,0.0618,0.1376,0.1703,0.1726,0.15,19,0.6709,11,1,syn_20260831_000199,2026-08-17,2026-08-30,1
1,40.0,2.79,0.0,0.0,0.0,0.031,0.0294,3,0.0281,3,3,syn_20260831_000200,2026-08-17,2026-08-30,1
3,208.92,4.61,0.0646,0.0042,0.05,0.2091,0.2381,7,0.6,12,2,syn_20260831_000201,2026-08-17,2026-08-30,1
4,240.0,9.93,0.1292,0.1377,0.2,0.1278,0.05,16,0.5272,9,1,syn_20260831_000202,2026-08-17,2026-08-30,1
7,118.86,8.63,0.0775,0.0966,0.2474,0.1276,0.1431,14,0.5918,8,0,syn_20260831_000203,2026-08-17,2026-08-30,1
5,60.0,7.77,0.2393,0.2975,0.0408,0.1064,0.0908,10,0.8173,9,1,syn_20260831_000204,2026-08-17,2026-08-30,1
4,214.65,4.04,0.0387,0.0303,0.0125,0.2204,0.245,6,0.5935,6,5,syn_20260831_000205,2026-08-17,2026-08-30,1
1,29.85,2.08,0.0,0.0,0.0,0.017,0.0271,2,0.0064,4,1,syn_20260831_000206,2026-08-17,2026-08-30,1
5,173.76,5.77,0.0501,0.1416,0.1601,0.1638,0.0988,14,0.6607,9,2,syn_20260831_000207,2026-08-17,2026-08-30,1
1,9.5,2.1,0.0,0.0,0.0,0.0279,0.05,2,0.0631,11,9,syn_20260831_000208,2026-08-17,2026-08-30,1
6,180.0,7.3,0.1613,0.2667,0.009,0.116,0.0387,12,0.6,11,1,syn_20260831_000209,2026-08-17,2026-08-30,1
4,102.52,8.26,0.0907,0.1027,0.2676,0.1368,0.0564,17,0.6659,9,1,syn_20260831_000210,2026-08-17,2026-08-30,1
3,84.72,8.0,0.1991,0.264,0.0497,0.0691,0.0354,9,0.6843,3,0,syn_20260831_000211,2026-08-17,2026-08-30,1
5,128.79,4.0,0.2058,0.3146,0.0377,0.149,0.0293,10,0.8148,9,0,syn_20260831_000212,2026-08-17,2026-08-30,1
5,125.08,10.0,0.1295,0.1287,0.177,0.1221,0.067,16,0.6033,9,1,syn_20260831_000213,2026-08-17,2026-08-30,1
3,257.34,6.65,0.0847,0.0085,0.0168,0.1611,0.1658,6,0.6777,7,0,syn_20260831_000214,2026-08-17,2026-08-30,1
1,32.45,2.24,0.0,0.0,0.0,0.0211,0.0312,2,0.156,11,0,syn_20260831_000215,2026-08-17,2026-08-30,1
1,27.95,2.46,0.0,0.0,0.0,0.0062,0.0239,2,0.0712,12,0,syn_20260831_000216,2026-08-17,2026-08-30,1
6,164.65,8.53,0.15,0.0693,0.1767,0.1103,0.05,20,0.6601,13,1,syn_20260831_000217,2026-08-17,2026-08-30,1
1,32.04,2.49,0.0,0.0,0.0,0.0023,0.0386,2,0.0633,6,0,syn_20260831_000218,2026-08-17,2026-08-30,1
1,28.01,2.95,0.0,0.0,0.0,0.046,0.0343,2,0.155,8,1,syn_20260831_000219,2026-08-17,2026-08-30,1
1,10.58,2.83,0.0,0.0,0.0,0.05,0.0148,2,0.2,7,2,syn_20260831_000220,2026-08-17,2026-08-30,1
1,32.75,2.57,0.0122,0.05,0.0223,0.0168,0.0257,3,0.3393,9,1,syn_20260831_000221,2026-08-17,2026-08-30,1
4,160.0,4.73,0.2859,0.22,0.0485,0.07,0.006,14,0.809,9,2,syn_20260831_000222,2026-08-17,2026-08-30,1
5,96.21,4.02,0.3254,0.15,0.0253,0.1326,0.0674,12,0.6043,9,1,syn_20260831_000223,2026-08-17,2026-08-30,1
6,169.77,8.63,0.0695,0.05,0.1603,0.1204,0.1057,11,0.75,9,1,syn_20260831_000224,2026-08-17,2026-08-30,1
7,140.74,8.09,0.1124,0.123,0.2807,0.1294,0.083,19,0.724,9,0,syn_20260831_000225,2026-08-17,2026-08-30,1
6,90.0,5.0,0.1077,0.1138,0.1624,0.149,0.0688,17,0.6837,6,1,syn_20260831_000226,2026-08-17,2026-08-30,1
4,245.04,4.97,0.0486,0.0274,0.0002,0.1354,0.2828,8,0.3548,4,2,syn_20260831_000227,2026-08-17,2026-08-30,1
4,147.24,4.34,0.3247,0.2506,0.0372,0.1309,0.1,8,0.6768,9,1,syn_20260831_000228,2026-08-17,2026-08-30,1
1,34.24,2.4,0.0,0.0,0.0,0.0025,0.0145,2,0.03,6,2,syn_20260831_000229,2026-08-17,2026-08-30,1
6,86.94,5.66,0.35,0.35,0.0334,0.1466,0.0201,15,0.8207,10,1,syn_20260831_000230,2026-08-17,2026-08-30,1
6,194.36,7.83,0.0731,0.05,0.2303,0.175,0.0861,17,0.5959,8,2,syn_20260831_000231,2026-08-17,2026-08-30,1
3,167.58,5.07,0.0949,0.0389,0.05,0.1315,0.2584,9,0.4326,9,5,syn_20260831_000232,2026-08-17,2026-08-30,1
5,123.78,9.03,0.1119,0.0594,0.196,0.1221,0.0958,17,0.6895,6,0,syn_20260831_000233,2026-08-17,2026-08-30,1
8,235.99,5.76,0.0576,0.1385,0.1912,0.1019,0.0671,12,0.6925,11,2,syn_20260831_000234,2026-08-17,2026-08-30,1
1,20.41,2.83,0.0,0.0,0.0,0.03,0.0277,2,0.0952,2,0,syn_20260831_000235,2026-08-17,2026-08-30,1
2,284.22,5.04,0.0305,0.022,0.0117,0.2418,0.2588,8,0.5858,8,1,syn_20260831_000236,2026-08-17,2026-08-30,1
4,110.81,6.55,0.3079,0.35,0.0161,0.0967,0.0633,13,0.6806,14,2,syn_20260831_000237,2026-08-17,2026-08-30,1
6,111.39,9.38,0.0944,0.05,0.2507,0.1729,0.1288,11,0.5566,6,2,syn_20260831_000238,2026-08-17,2026-08-30,1
4,132.52,4.25,0.032,0.0369,0.0052,0.1246,0.2412,9,0.5556,7,1,syn_20260831_000239,2026-08-17,2026-08-30,1
1,33.85,2.72,0.0,0.0,0.0,0.0247,0.0389,2,0.0274,12,7,syn_20260831_000240,2026-08-17,2026-08-30,1
4,164.93,4.91,0.2305,0.2386,0.0103,0.1029,0.0207,9,0.8057,9,3,syn_20260831_000241,2026-08-17,2026-08-30,1
4,285.29,4.09,0.0397,0.0234,0.012,0.1861,0.2137,7,0.3345,11,5,syn_20260831_000242,2026-08-17,2026-08-30,1
3,300.0,3.08,0.0884,0.0109,0.0135,0.1181,0.15,8,0.4661,8,4,syn_20260831_000243,2026-08-17,2026-08-30,1
1,19.6,2.39,0.0,0.0,0.0,0.0012,0.007,2,0.0913,7,3,syn_20260831_000244,2026-08-17,2026-08-30,1
4,106.12,10.0,0.15,0.1011,0.2018,0.1665,0.0822,11,0.6044,8,3,syn_20260831_000245,2026-08-17,2026-08-30,1
1,16.58,2.02,0.0,0.0,0.0,0.0204,0.0207,2,0.0894,5,2,syn_20260831_000246,2026-08-17,2026-08-30,1
4,90.68,4.9,0.2831,0.1523,0.0376,0.0637,0.0651,9,0.7468,8,4,syn_20260831_000247,2026-08-17,2026-08-30,1
5,169.36,5.94,0.2308,0.2941,0.0135,0.1383,0.0,12,0.7221,6,4,syn_20260831_000248,2026-08-17,2026-08-30,1
6,119.89,7.88,0.2928,0.2496,0.05,0.0699,0.0759,14,0.8304,4,4,syn_20260831_000249,2026-08-17,2026-08-30,1
5,124.31,5.63,0.2415,0.2309,0.0369,0.0857,0.0135,15,0.7773,8,3,syn_20260831_000250,2026-08-17,2026-08-30,1
5,151.41,7.21,0.1377,0.1385,0.2183,0.1175,0.1234,15,0.6585,7,2,syn_20260831_000251,2026-08-17,2026-08-30,1
1,20.58,2.74,0.0,0.0,0.0,0.0181,0.0278,2,0.186,9,7,syn_20260831_000252,2026-08-17,2026-08-30,1
5,175.21,8.28,0.0866,0.107,0.1964,0.1138,0.0949,18,0.6861,9,2,syn_20260831_000253,2026-08-17,2026-08-30,1
1,36.01,2.68,0.0,0.0,0.0,0.0,0.0277,3,0.0549,13,0,syn_20260831_000254,2026-08-17,2026-08-30,1
8,129.78,5.38,0.1026,0.1291,0.1706,0.1,0.1059,17,0.7061,8,1,syn_20260831_000255,2026-08-17,2026-08-30,1
1,51.45,2.0,0.0252,0.0127,0.0178,0.001,0.0213,2,0.2452,9,1,syn_20260831_000256,2026-08-17,2026-08-30,1
7,239.06,9.41,0.1294,0.0791,0.1652,0.1654,0.0942,15,0.503,12,0,syn_20260831_000257,2026-08-17,2026-08-30,1
8,137.26,6.77,0.1389,0.0711,0.1678,0.1059,0.0857,15,0.7269,10,0,syn_20260831_000258,2026-08-17,2026-08-30,1
7,161.17,7.72,0.1249,0.1338,0.2362,0.1872,0.117,15,0.6711,9,3,syn_20260831_000259,2026-08-17,2026-08-30,1
6,180.0,5.35,0.3186,0.2077,0.0044,0.0854,0.0656,15,0.6,10,4,syn_20260831_000260,2026-08-17,2026-08-30,1
7,184.15,5.0,0.082,0.0587,0.19,0.1492,0.0582,10,0.6557,9,2,syn_20260831_000261,2026-08-17,2026-08-30,1
3,150.97,6.74,0.2758,0.35,0.0186,0.0901,0.0452,11,0.7063,14,2,syn_20260831_000262,2026-08-17,2026-08-30,1
6,121.27,5.05,0.35,0.3298,0.0289,0.0897,0.0083,10,0.85,6,3,syn_20260831_000263,2026-08-17,2026-08-30,1
8,195.87,6.19,0.15,0.0734,0.2628,0.1401,0.1489,16,0.6434,8,0,syn_20260831_000264,2026-08-17,2026-08-30,1
2,24.91,4.0,0.0261,0.0054,0.024,0.0404,0.0398,4,0.0,3,2,syn_20260831_000265,2026-08-17,2026-08-30,1
6,135.17,7.6,0.0816,0.132,0.1551,0.1332,0.0818,14,0.6546,9,1,syn_20260831_000266,2026-08-17,2026-08-30,1
4,195.81,6.59,0.1499,0.1034,0.28,0.1833,0.0862,18,0.687,9,1,syn_20260831_000267,2026-08-17,2026-08-30,1
7,101.52,9.3,0.1334,0.143,0.1586,0.1266,0.13,15,0.5,9,0,syn_20260831_000268,2026-08-17,2026-08-30,1
3,300.0,6.61,0.0323,0.05,0.0444,0.1131,0.26,11,0.4125,10,2,syn_20260831_000269,2026-08-17,2026-08-30,1
8,188.06,5.64,0.0851,0.0769,0.2099,0.1672,0.1297,18,0.6069,10,1,syn_20260831_000270,2026-08-17,2026-08-30,1
4,95.74,4.82,0.1551,0.1996,0.018,0.1451,0.0921,10,0.7896,13,1,syn_20260831_000271,2026-08-17,2026-08-30,1
1,12.39,2.82,0.0,0.0,0.0,0.0132,0.0038,3,0.1041,14,10,syn_20260831_000272,2026-08-17,2026-08-30,1
4,69.06,5.29,0.2885,0.2619,0.023,0.0955,0.0547,12,0.6249,9,3,syn_20260831_000273,2026-08-17,2026-08-30,1
7,233.38,8.96,0.0781,0.0641,0.274,0.1905,0.05,14,0.7472,9,3,syn_20260831_000274,2026-08-17,2026-08-30,1
2,166.53,4.6,0.1,0.0351,0.0,0.203,0.1735,7,0.3318,13,1,syn_20260831_000275,2026-08-17,2026-08-30,1
4,87.63,8.0,0.2105,0.304,0.0261,0.1181,0.0972,9,0.6092,9,1,syn_20260831_000276,2026-08-17,2026-08-30,1
6,178.44,5.94,0.35,0.2132,0.0136,0.1069,0.0238,14,0.711,12,1,syn_20260831_000277,2026-08-17,2026-08-30,1
4,164.64,4.61,0.2098,0.219,0.0298,0.1128,0.0693,13,0.7302,13,4,syn_20260831_000278,2026-08-17,2026-08-30,1
5,72.13,7.69,0.2254,0.323,0.0365,0.15,0.0427,14,0.8085,14,1,syn_20260831_000279,2026-08-17,2026-08-30,1
2,60.0,2.46,0.0433,0.0,0.027,0.0026,0.0106,3,0.1422,10,6,syn_20260831_000280,2026-08-17,2026-08-30,1
5,169.17,4.05,0.3086,0.1988,0.0051,0.1242,0.0643,11,0.6428,9,1,syn_20260831_000281,2026-08-17,2026-08-30,1
7,240.0,7.07,0.1377,0.05,0.2425,0.181,0.097,14,0.5,7,1,syn_20260831_000282,2026-08-17,2026-08-30,1
3,124.62,5.23,0.065,0.05,0.012,0.2247,0.1723,9,0.3668,10,2,syn_20260831_000283,2026-08-17,2026-08-30,1
1,22.91,2.4,0.0,0.0,0.0,0.0054,0.0116,2,0.0273,9,2,syn_20260831_000284,2026-08-17,2026-08-30,1
3,63.93,5.56,0.2841,0.1766,0.01,0.0724,0.0,12,0.6237,11,2,syn_20260831_000285,2026-08-17,2026-08-30,1
3,292.02,4.37,0.0541,0.0269,0.0757,0.146,0.178,8,0.6465,13,6,syn_20260831_000286,2026-08-17,2026-08-30,1
3,123.71,7.46,0.1986,0.2038,0.0148,0.1172,0.0537,13,0.8078,6,1,syn_20260831_000287,2026-08-17,2026-08-30,1
3,124.86,4.08,0.048,0.0468,0.0789,0.1863,0.2389,7,0.7,12,2,syn_20260831_000288,2026-08-17,2026-08-30,1
1,25.46,2.18,0.0,0.0,0.0,0.034,0.0332,2,0.1816,9,4,syn_20260831_000289,2026-08-17,2026-08-30,1
3,91.78,6.83,0.1557,0.2387,0.0232,0.0721,0.0903,14,0.8236,9,0,syn_20260831_000290,2026-08-17,2026-08-30,1
4,230.69,7.68,0.1386,0.05,0.211,0.1307,0.1295,18,0.75,7,2,syn_20260831_000291,2026-08-17,2026-08-30,1
1,21.89,2.23,0.0,0.0,0.0,0.0408,0.05,2,0.2,11,7,syn_20260831_000292,2026-08-17,2026-08-30,1
7,176.32,5.28,0.0612,0.0731,0.2063,0.1853,0.0848,19,0.6244,13,1,syn_20260831_000293,2026-08-17,2026-08-30,1
6,180.0,4.72,0.3331,0.2857,0.0042,0.095,0.0493,12,0.6467,12,0,syn_20260831_000294,2026-08-17,2026-08-30,1
1,11.86,2.09,0.0,0.0,0.0,0.0143,0.0326,2,0.2,10,4,syn_20260831_000295,2026-08-17,2026-08-30,1
5,138.46,4.46,0.3081,0.1996,0.0028,0.0895,0.0824,13,0.6923,7,2,syn_20260831_000296,2026-08-17,2026-08-30,1
3,110.73,5.33,0.2116,0.3062,0.0428,0.0821,0.0305,11,0.7264,4,2,syn_20260831_000297,2026-08-17,2026-08-30,1
5,77.54,6.43,0.3217,0.1938,0.0427,0.1245,0.06,9,0.8104,4,0,syn_20260831_000298,2026-08-17,2026-08-30,1
1,37.69,2.59,0.0,0.0,0.0,0.0086,0.0114,3,0.1383,11,6,syn_20260831_000299,2026-08-17,2026-08-30,1
3,94.29,7.16,0.258,0.19,0.0155,0.0822,0.0765,12,0.7146,9,3,syn_20260831_000300,2026-08-17,2026-08-30,1
1,30.4,2.04,0.0,0.0,0.0,0.0351,0.0414,2,0.0654,10,3,syn_20260831_000301,2026-08-17,2026-08-30,1
3,154.62,4.13,0.0119,0.0,0.0727,0.1442,0.2264,12,0.4634,9,5,syn_20260831_000302,2026-08-17,2026-08-30,1
1,16.52,2.0,0.0,0.0,0.0,0.0098,0.0152,2,0.1486,6,1,syn_20260831_000303,2026-08-17,2026-08-30,1
7,240.0,9.97,0.0963,0.0691,0.1701,0.1269,0.05,17,0.7413,10,2,syn_20260831_000304,2026-08-17,2026-08-30,1
3,101.31,6.05,0.2233,0.2841,0.0144,0.1079,0.0247,10,0.7877,11,2,syn_20260831_000305,2026-08-17,2026-08-30,1
5,77.33,4.0,0.2025,0.2942,0.0452,0.1207,0.1,9,0.85,8,1,syn_20260831_000306,2026-08-17,2026-08-30,1
5,101.56,6.18,0.315,0.2927,0.0382,0.1421,0.0988,10,0.6,7,2,syn_20260831_000307,2026-08-17,2026-08-30,1
1,17.56,3.45,0.0192,0.0197,0.0387,0.0163,0.0209,3,0.35,5,2,syn_20260831_000308,2026-08-17,2026-08-30,1
1,32.45,2.48,0.0,0.0,0.0,0.0445,0.0277,2,0.0851,7,6,syn_20260831_000309,2026-08-17,2026-08-30,1
3,261.14,7.86,0.0264,0.0193,0.0,0.1912,0.2099,11,0.5557,7,0,syn_20260831_000310,2026-08-17,2026-08-30,1
6,116.94,6.03,0.0664,0.0684,0.2513,0.1698,0.1449,11,0.6696,12,2,syn_20260831_000311,2026-08-17,2026-08-30,1
1,21.51,2.74,0.0,0.0,0.0,0.0246,0.0079,2,0.0955,5,0,syn_20260831_000312,2026-08-17,2026-08-30,1
5,132.04,6.47,0.3292,0.3305,0.0426,0.0609,0.08,8,0.759,10,2,syn_20260831_000313,2026-08-17,2026-08-30,1
7,210.48,7.48,0.0893,0.118,0.2169,0.1149,0.0969,13,0.75,12,2,syn_20260831_000314,2026-08-17,2026-08-30,1
1,10.0,4.0,0.026,0.0262,0.0369,0.0434,0.0482,4,0.1001,9,2,syn_20260831_000315,2026-08-17,2026-08-30,1
5,226.21,6.97,0.1302,0.0886,0.2667,0.1685,0.0789,19,0.593,12,1,syn_20260831_000316,2026-08-17,2026-08-30,1
1,14.25,2.81,0.0,0.0,0.0,0.0292,0.0323,2,0.1298,13,7,syn_20260831_000317,2026-08-17,2026-08-30,1
6,137.51,4.77,0.2094,0.3165,0.0043,0.05,0.0296,12,0.7271,6,3,syn_20260831_000318,2026-08-17,2026-08-30,1
4,214.46,8.06,0.0689,0.1331,0.1927,0.148,0.15,11,0.5,14,1,syn_20260831_000319,2026-08-17,2026-08-30,1
3,127.42,4.57,0.3257,0.3118,0.0139,0.1173,0.0437,13,0.6,5,1,syn_20260831_000320,2026-08-17,2026-08-30,1
1,40.0,2.34,0.0,0.0,0.0,0.05,0.0137,2,0.0846,9,7,syn_20260831_000321,2026-08-17,2026-08-30,1
4,117.48,5.07,0.2654,0.1586,0.0403,0.1456,0.0836,11,0.7257,5,1,syn_20260831_000322,2026-08-17,2026-08-30,1
1,28.85,2.32,0.0,0.0,0.0,0.0007,0.0458,2,0.1692,6,3,syn_20260831_000323,2026-08-17,2026-08-30,1
1,31.02,2.59,0.0,0.0,0.0,0.032,0.0192,2,0.1303,3,2,syn_20260831_000324,2026-08-17,2026-08-30,1
4,223.89,6.43,0.0884,0.1244,0.15,0.1494,0.15,13,0.7314,11,1,syn_20260831_000325,2026-08-17,2026-08-30,1
3,136.19,3.69,0.0461,0.0079,0.0287,0.1407,0.1528,10,0.4162,5,3,syn_20260831_000326,2026-08-17,2026-08-30,1
5,174.05,4.66,0.35,0.3146,0.0368,0.0548,0.0652,15,0.85,6,2,syn_20260831_000327,2026-08-17,2026-08-30,1
4,123.39,4.17,0.0536,0.016,0.0,0.2468,0.1726,7,0.4666,9,0,syn_20260831_000328,2026-08-17,2026-08-30,1
4,180.0,4.89,0.2056,0.3076,0.05,0.1427,0.0474,8,0.7163,3,2,syn_20260831_000329,2026-08-17,2026-08-30,1
5,190.03,5.0,0.1031,0.1045,0.1688,0.1711,0.1045,16,0.5105,7,1,syn_20260831_000330,2026-08-17,2026-08-30,1
1,15.44,2.32,0.0,0.0,0.0,0.0111,0.019,2,0.0385,11,6,syn_20260831_000331,2026-08-17,2026-08-30,1
5,113.34,6.49,0.3015,0.2298,0.029,0.05,0.0848,8,0.6811,3,2,syn_20260831_000332,2026-08-17,2026-08-30,1
5,119.71,6.31,0.1443,0.0729,0.2313,0.1861,0.1167,19,0.5249,12,2,syn_20260831_000333,2026-08-17,2026-08-30,1
7,113.15,9.85,0.1195,0.1291,0.2348,0.1747,0.1474,19,0.5825,13,1,syn_20260831_000334,2026-08-17,2026-08-30,1
4,118.64,7.72,0.2451,0.3303,0.032,0.054,0.0717,8,0.7385,9,2,syn_20260831_000335,2026-08-17,2026-08-30,1
1,14.93,2.62,0.0,0.0,0.0,0.0279,0.0491,2,0.1051,9,8,syn_20260831_000336,2026-08-17,2026-08-30,1
3,173.89,4.34,0.0143,0.0398,0.0398,0.147,0.3,6,0.4409,9,4,syn_20260831_000337,2026-08-17,2026-08-30,1
2,16.21,2.28,0.0103,0.0172,0.0389,0.0561,0.0,5,0.3162,7,3,syn_20260831_000338,2026-08-17,2026-08-30,1
5,182.98,6.42,0.0708,0.0968,0.2684,0.1226,0.1296,13,0.5528,6,2,syn_20260831_000339,2026-08-17,2026-08-30,1
5,180.0,8.0,0.2651,0.2262,0.0322,0.0542,0.0615,14,0.6392,8,2,syn_20260831_000340,2026-08-17,2026-08-30,1
3,67.99,7.43,0.1875,0.1892,0.0,0.1391,0.0679,8,0.85,3,3,syn_20260831_000341,2026-08-17,2026-08-30,1
4,139.78,8.0,0.2468,0.2657,0.0469,0.075,0.0328,15,0.8179,4,2,syn_20260831_000342,2026-08-17,2026-08-30,1
1,26.33,2.42,0.0,0.0,0.0,0.0383,0.0184,2,0.0071,11,9,syn_20260831_000343,2026-08-17,2026-08-30,1
6,146.26,6.8,0.192,0.2357,0.0129,0.1298,0.0531,10,0.688,8,3,syn_20260831_000344,2026-08-17,2026-08-30,1
2,282.71,7.04,0.0578,0.0442,0.0466,0.1979,0.1974,10,0.503,6,0,syn_20260831_000345,2026-08-17,2026-08-30,1
1,14.28,2.54,0.0,0.0,0.0,0.0428,0.0,3,0.183,10,6,syn_20260831_000346,2026-08-17,2026-08-30,1
2,25.02,3.79,0.0018,0.0134,0.0278,0.036,0.0474,5,0.35,6,3,syn_20260831_000347,2026-08-17,2026-08-30,1
3,215.12,5.62,0.0977,0.0185,0.0361,0.1329,0.2797,10,0.3689,6,5,syn_20260831_000348,2026-08-17,2026-08-30,1
4,62.22,6.21,0.3367,0.3395,0.0369,0.0877,0.0839,10,0.7623,8,1,syn_20260831_000349,2026-08-17,2026-08-30,1
4,104.0,5.63,0.2403,0.3476,0.05,0.1166,0.0199,12,0.7091,4,3,syn_20260831_000350,2026-08-17,2026-08-30,1
4,230.04,4.73,0.0479,0.0318,0.0059,0.1381,0.2718,9,0.4473,12,3,syn_20260831_000351,2026-08-17,2026-08-30,1
4,146.84,8.0,0.3418,0.2279,0.0111,0.1434,0.0327,10,0.754,13,2,syn_20260831_000352,2026-08-17,2026-08-30,1
4,168.38,7.66,0.2187,0.2432,0.05,0.1206,0.016,13,0.6977,6,1,syn_20260831_000353,2026-08-17,2026-08-30,1
7,153.95,10.0,0.0748,0.0997,0.2823,0.1751,0.1358,10,0.6079,9,1,syn_20260831_000354,2026-08-17,2026-08-30,1
3,253.74,5.35,0.0,0.03,0.0291,0.1,0.1831,7,0.4793,7,1,syn_20260831_000355,2026-08-17,2026-08-30,1
5,197.25,6.13,0.0749,0.0823,0.1736,0.1911,0.1223,13,0.605,7,2,syn_20260831_000356,2026-08-17,2026-08-30,1
2,262.23,5.1,0.0261,0.0333,0.0379,0.2134,0.2855,5,0.4601,11,5,syn_20260831_000357,2026-08-17,2026-08-30,1
5,122.67,4.67,0.1665,0.1749,0.05,0.1307,0.0626,14,0.7376,11,0,syn_20260831_000358,2026-08-17,2026-08-30,1
1,29.05,2.31,0.0,0.0,0.0,0.0,0.0394,2,0.1522,10,5,syn_20260831_000359,2026-08-17,2026-08-30,1
4,79.67,6.08,0.2528,0.1769,0.0365,0.0662,0.0739,9,0.7261,12,3,syn_20260831_000360,2026-08-17,2026-08-30,1
2,33.73,2.99,0.0387,0.0351,0.0499,0.0707,0.0414,4,0.0,10,3,syn_20260831_000361,2026-08-17,2026-08-30,1
4,142.41,4.22,0.3311,0.3013,0.05,0.0535,0.0868,8,0.85,5,2,syn_20260831_000362,2026-08-17,2026-08-30,1
5,90.0,8.56,0.0552,0.1109,0.2412,0.106,0.123,17,0.7399,5,2,syn_20260831_000363,2026-08-17,2026-08-30,1
5,137.57,4.93,0.2323,0.2296,0.0294,0.0649,0.0097,9,0.6077,9,1,syn_20260831_000364,2026-08-17,2026-08-30,1
3,246.15,5.07,0.025,0.0305,0.0472,0.2459,0.2508,5,0.3755,7,4,syn_20260831_000365,2026-08-17,2026-08-30,1
4,173.46,7.7,0.15,0.3232,0.0471,0.0715,0.0521,10,0.8394,6,3,syn_20260831_000366,2026-08-17,2026-08-30,1
2,20.53,3.31,0.0438,0.0459,0.0088,0.0493,0.041,2,0.0583,5,3,syn_20260831_000367,2026-08-17,2026-08-30,1
7,155.74,6.94,0.139,0.0921,0.1899,0.1739,0.1469,18,0.643,14,1,syn_20260831_000368,2026-08-17,2026-08-30,1
4,125.1,4.7,0.3008,0.2335,0.0089,0.136,0.0351,9,0.607,4,3,syn_20260831_000369,2026-08-17,2026-08-30,1
1,53.21,3.31,0.0006,0.01,0.0329,0.0403,0.0297,3,0.0893,14,1,syn_20260831_000370,2026-08-17,2026-08-30,1
3,239.99,3.12,0.0534,0.0,0.0282,0.1583,0.15,9,0.4744,3,1,syn_20260831_000371,2026-08-17,2026-08-30,1
5,139.61,7.38,0.1256,0.1315,0.1865,0.1475,0.1173,13,0.7021,11,1,syn_20260831_000372,2026-08-17,2026-08-30,1
3,182.07,8.0,0.083,0.0229,0.0196,0.1806,0.2529,11,0.526,4,3,syn_20260831_000373,2026-08-17,2026-08-30,1
1,13.23,2.76,0.0,0.0,0.0,0.0086,0.0419,3,0.0236,9,3,syn_20260831_000374,2026-08-17,2026-08-30,1
5,118.37,6.0,0.1225,0.0732,0.1532,0.1182,0.1175,17,0.5774,9,0,syn_20260831_000375,2026-08-17,2026-08-30,1
4,70.81,4.12,0.1928,0.2445,0.026,0.0622,0.0262,12,0.85,9,0,syn_20260831_000376,2026-08-17,2026-08-30,1
3,231.84,4.56,0.0971,0.0291,0.05,0.1429,0.2799,5,0.3645,10,2,syn_20260831_000377,2026-08-17,2026-08-30,1
6,144.27,7.38,0.0852,0.1467,0.2758,0.1792,0.0785,17,0.5,7,2,syn_20260831_000378,2026-08-17,2026-08-30,1
5,231.85,8.1,0.0687,0.0724,0.2967,0.161,0.1279,15,0.6766,5,3,syn_20260831_000379,2026-08-17,2026-08-30,1
5,161.56,8.22,0.0834,0.1214,0.1954,0.1475,0.1271,18,0.699,5,2,syn_20260831_000380,2026-08-17,2026-08-30,1
4,74.83,7.75,0.2619,0.2237,0.0358,0.1143,0.0574,12,0.8297,9,2,syn_20260831_000381,2026-08-17,2026-08-30,1
1,25.67,2.73,0.0,0.0,0.0,0.0324,0.0109,3,0.105,11,0,syn_20260831_000382,2026-08-17,2026-08-30,1
2,134.07,3.53,0.0154,0.0324,0.0358,0.2116,0.1629,6,0.4386,9,3,syn_20260831_000383,2026-08-17,2026-08-30,1
6,66.67,6.27,0.2794,0.1627,0.0071,0.1083,0.0534,12,0.6718,9,2,syn_20260831_000384,2026-08-17,2026-08-30,1
4,90.0,5.24,0.1393,0.1355,0.1893,0.1,0.0548,14,0.75,9,2,syn_20260831_000385,2026-08-17,2026-08-30,1
5,168.21,6.82,0.2917,0.2358,0.0063,0.1173,0.0532,12,0.8118,8,1,syn_20260831_000386,2026-08-17,2026-08-30,1
3,300.0,4.48,0.0825,0.0458,0.0278,0.1637,0.2659,7,0.4601,13,2,syn_20260831_000387,2026-08-17,2026-08-30,1
5,169.2,6.86,0.3268,0.2141,0.0495,0.1485,0.086,10,0.7301,7,4,syn_20260831_000388,2026-08-17,2026-08-30,1
3,204.42,3.87,0.0746,0.0169,0.0321,0.1778,0.2885,8,0.3625,4,2,syn_20260831_000389,2026-08-17,2026-08-30,1
1,18.9,2.55,0.0,0.0,0.0,0.0456,0.0231,3,0.1375,3,3,syn_20260831_000390,2026-08-17,2026-08-30,1
1,24.92,2.26,0.0,0.0,0.0,0.0231,0.05,2,0.1898,7,1,syn_20260831_000391,2026-08-17,2026-08-30,1
3,177.96,5.91,0.0644,0.0024,0.096,0.1304,0.1545,8,0.5632,9,5,syn_20260831_000392,2026-08-17,2026-08-30,1
5,157.9,6.86,0.193,0.2806,0.0442,0.1046,0.0472,8,0.795,10,1,syn_20260831_000393,2026-08-17,2026-08-30,1
4,259.68,6.15,0.0656,0.0037,0.0097,0.1447,0.2251,10,0.6639,9,6,syn_20260831_000394,2026-08-17,2026-08-30,1
3,283.36,3.76,0.0886,0.0418,0.0372,0.1,0.2298,8,0.3222,5,3,syn_20260831_000395,2026-08-17,2026-08-30,1
2,300.0,7.49,0.0944,0.0052,0.062,0.1861,0.2532,9,0.5062,3,1,syn_20260831_000396,2026-08-17,2026-08-30,1
5,151.16,6.03,0.0633,0.1326,0.249,0.1828,0.111,17,0.5774,9,2,syn_20260831_000397,2026-08-17,2026-08-30,1
3,143.44,5.38,0.2678,0.2143,0.0204,0.1402,0.0192,9,0.7078,8,3,syn_20260831_000398,2026-08-17,2026-08-30,1
3,60.32,6.23,0.15,0.3015,0.0289,0.1259,0.0,8,0.8082,13,4,syn_20260831_000399,2026-08-17,2026-08-30,1
3,157.15,3.0,0.0308,0.0173,0.0334,0.236,0.1839,7,0.484,11,3,syn_20260831_000400,2026-08-17,2026-08-30,1
1,16.58,2.29,0.0,0.0,0.0,0.0072,0.0327,2,0.1659,14,3,syn_20260831_000401,2026-08-17,2026-08-30,1
4,80.88,5.98,0.3366,0.2745,0.0461,0.1332,0.0586,8,0.7572,5,4,syn_20260831_000402,2026-08-17,2026-08-30,1
5,67.67,4.21,0.3051,0.3489,0.0161,0.051,0.0604,10,0.8021,7,1,syn_20260831_000403,2026-08-17,2026-08-30,1
7,150.77,9.12,0.0912,0.0959,0.2662,0.1343,0.085,19,0.6756,9,1,syn_20260831_000404,2026-08-17,2026-08-30,1
5,154.88,7.04,0.3215,0.1967,0.0,0.107,0.0778,12,0.8383,9,4,syn_20260831_000405,2026-08-17,2026-08-30,1
3,122.14,4.32,0.0033,0.0449,0.0416,0.1316,0.2634,5,0.6,9,0,syn_20260831_000406,2026-08-17,2026-08-30,1
3,169.95,6.1,0.263,0.2964,0.0309,0.1427,0.0227,11,0.7467,9,1,syn_20260831_000407,2026-08-17,2026-08-30,1
6,104.5,7.47,0.1422,0.1205,0.2254,0.1,0.0862,20,0.5619,8,0,syn_20260831_000408,2026-08-17,2026-08-30,1
8,142.59,8.87,0.0643,0.1286,0.2898,0.1508,0.05,16,0.5567,9,0,syn_20260831_000409,2026-08-17,2026-08-30,1
1,9.73,2.93,0.0,0.0,0.0,0.0398,0.0458,2,0.0978,6,6,syn_20260831_000410,2026-08-17,2026-08-30,1
3,294.65,4.32,0.0781,0.0026,0.0197,0.1,0.1713,8,0.5523,5,2,syn_20260831_000411,2026-08-17,2026-08-30,1
3,111.45,4.29,0.2115,0.35,0.0465,0.0522,0.1,9,0.6195,9,3,syn_20260831_000412,2026-08-17,2026-08-30,1
6,77.25,5.28,0.2773,0.2442,0.0299,0.1389,0.0922,11,0.7677,7,4,syn_20260831_000413,2026-08-17,2026-08-30,1
4,169.06,8.0,0.1973,0.1777,0.0448,0.0567,0.0864,10,0.761,9,1,syn_20260831_000414,2026-08-17,2026-08-30,1
3,283.23,3.91,0.0,0.015,0.0445,0.1628,0.2326,9,0.4233,9,3,syn_20260831_000415,2026-08-17,2026-08-30,1
2,260.43,3.0,0.0697,0.037,0.0307,0.1042,0.2356,6,0.458,12,0,syn_20260831_000416,2026-08-17,2026-08-30,1
1,18.38,2.46,0.0,0.0,0.0,0.0489,0.011,2,0.1716,9,8,syn_20260831_000417,2026-08-17,2026-08-30,1
5,128.98,7.22,0.1797,0.2249,0.0179,0.0863,0.0755,11,0.85,5,2,syn_20260831_000418,2026-08-17,2026-08-30,1
2,10.0,2.68,0.0063,0.0334,0.0019,0.0018,0.0183,4,0.233,6,0,syn_20260831_000419,2026-08-17,2026-08-30,1
3,266.0,5.87,0.0796,0.0319,0.0236,0.1107,0.2692,10,0.406,4,1,syn_20260831_000420,2026-08-17,2026-08-30,1
3,193.72,3.44,0.0696,0.0472,0.0365,0.2218,0.194,10,0.3509,7,3,syn_20260831_000421,2026-08-17,2026-08-30,1
4,172.21,4.01,0.35,0.2456,0.0019,0.1477,0.0884,10,0.85,11,2,syn_20260831_000422,2026-08-17,2026-08-30,1
1,26.59,2.4,0.0,0.0,0.0,0.0218,0.0442,2,0.1852,9,7,syn_20260831_000423,2026-08-17,2026-08-30,1
2,218.23,5.54,0.0521,0.0304,0.0001,0.25,0.1831,8,0.3914,7,1,syn_20260831_000424,2026-08-17,2026-08-30,1
6,179.83,7.79,0.113,0.05,0.1768,0.1528,0.15,20,0.5786,12,2,syn_20260831_000425,2026-08-17,2026-08-30,1
4,122.07,6.17,0.2735,0.2532,0.0372,0.0783,0.005,11,0.713,5,1,syn_20260831_000426,2026-08-17,2026-08-30,1
2,300.0,3.0,0.0064,0.0149,0.0121,0.1171,0.2279,6,0.3349,8,4,syn_20260831_000427,2026-08-17,2026-08-30,1
4,158.32,5.91,0.2838,0.1987,0.0213,0.0798,0.0701,9,0.8046,9,1,syn_20260831_000428,2026-08-17,2026-08-30,1
3,188.35,3.86,0.0273,0.0102,0.0077,0.1744,0.2259,8,0.3379,14,2,syn_20260831_000429,2026-08-17,2026-08-30,1
8,90.57,8.83,0.0847,0.0901,0.1731,0.1499,0.1281,14,0.75,7,0,syn_20260831_000430,2026-08-17,2026-08-30,1
4,77.8,7.0,0.1721,0.2965,0.05,0.1108,0.0496,11,0.8192,10,3,syn_20260831_000431,2026-08-17,2026-08-30,1
6,60.0,6.65,0.2261,0.2002,0.0166,0.1032,0.0503,14,0.7336,7,1,syn_20260831_000432,2026-08-17,2026-08-30,1
2,260.41,5.85,0.0634,0.0418,0.0318,0.2328,0.2315,9,0.37,9,0,syn_20260831_000433,2026-08-17,2026-08-30,1
3,217.55,3.69,0.0266,0.0451,0.0072,0.1244,0.2478,7,0.3849,8,1,syn_20260831_000434,2026-08-17,2026-08-30,1
5,169.74,6.89,0.2193,0.1688,0.0342,0.0866,0.0533,10,0.6564,11,4,syn_20260831_000435,2026-08-17,2026-08-30,1
3,300.0,3.58,0.0498,0.0375,0.0108,0.2002,0.2505,8,0.4799,9,0,syn_20260831_000436,2026-08-17,2026-08-30,1
4,123.46,4.99,0.3077,0.1737,0.0498,0.0721,0.0361,13,0.7996,9,3,syn_20260831_000437,2026-08-17,2026-08-30,1
5,108.97,7.67,0.233,0.2286,0.0305,0.1354,0.0326,15,0.731,3,2,syn_20260831_000438,2026-08-17,2026-08-30,1
4,77.01,5.92,0.2222,0.2707,0.0168,0.0967,0.083,12,0.7468,4,3,syn_20260831_000439,2026-08-17,2026-08-30,1
4,160.94,4.49,0.2701,0.2227,0.0203,0.1257,0.0769,9,0.6114,5,1,syn_20260831_000440,2026-08-17,2026-08-30,1
7,156.57,5.0,0.0603,0.079,0.2393,0.1743,0.1345,14,0.7407,6,2,syn_20260831_000441,2026-08-17,2026-08-30,1
4,98.0,6.46,0.2384,0.1825,0.0224,0.0815,0.002,12,0.6952,11,2,syn_20260831_000442,2026-08-17,2026-08-30,1
6,133.25,6.24,0.2599,0.1738,0.0289,0.0559,0.0636,8,0.7359,5,1,syn_20260831_000443,2026-08-17,2026-08-30,1
8,186.64,8.93,0.0904,0.1094,0.15,0.1155,0.1206,14,0.75,7,0,syn_20260831_000444,2026-08-17,2026-08-30,1
2,184.84,6.84,0.0214,0.0099,0.0863,0.1107,0.2066,9,0.6781,4,1,syn_20260831_000445,2026-08-17,2026-08-30,1
5,130.12,8.0,0.0958,0.0883,0.2862,0.1605,0.0794,15,0.5134,8,1,syn_20260831_000446,2026-08-17,2026-08-30,1
6,169.5,7.23,0.1142,0.0806,0.2814,0.1482,0.0699,15,0.5262,7,2,syn_20260831_000447,2026-08-17,2026-08-30,1
8,150.31,5.01,0.1013,0.1036,0.1648,0.1682,0.1428,19,0.6784,13,2,syn_20260831_000448,2026-08-17,2026-08-30,1
8,161.73,8.28,0.0584,0.103,0.1712,0.1593,0.1206,12,0.5599,14,3,syn_20260831_000449,2026-08-17,2026-08-30,1
1,27.32,2.4,0.0,0.0,0.0,0.0255,0.0473,2,0.0907,2,1,syn_20260831_000450,2026-08-17,2026-08-30,1
3,132.23,6.85,0.022,0.0187,0.0361,0.1516,0.2294,7,0.5014,8,1,syn_20260831_000451,2026-08-17,2026-08-30,1
6,186.53,5.44,0.0935,0.052,0.1842,0.1187,0.05,10,0.5648,12,3,syn_20260831_000452,2026-08-17,2026-08-30,1
5,212.79,5.4,0.1223,0.1025,0.1907,0.12,0.1314,16,0.5181,10,1,syn_20260831_000453,2026-08-17,2026-08-30,1
3,158.06,5.08,0.2632,0.3225,0.0311,0.1059,0.0542,13,0.726,11,2,syn_20260831_000454,2026-08-17,2026-08-30,1
6,127.37,7.27,0.3222,0.35,0.0282,0.0865,0.0852,13,0.7607,11,2,syn_20260831_000455,2026-08-17,2026-08-30,1
6,131.01,9.31,0.0978,0.0755,0.2498,0.1147,0.1249,20,0.7245,5,1,syn_20260831_000456,2026-08-17,2026-08-30,1
3,113.14,4.15,0.33,0.3073,0.0169,0.0544,0.0274,10,0.6408,9,4,syn_20260831_000457,2026-08-17,2026-08-30,1
1,26.29,2.7,0.0,0.0,0.0,0.0323,0.0323,3,0.1637,9,5,syn_20260831_000458,2026-08-17,2026-08-30,1
1,30.49,2.48,0.0,0.0,0.0,0.0109,0.0259,2,0.1186,9,1,syn_20260831_000459,2026-08-17,2026-08-30,1
6,99.09,8.0,0.2067,0.3059,0.011,0.1384,0.0952,12,0.646,9,3,syn_20260831_000460,2026-08-17,2026-08-30,1
5,102.69,6.91,0.2322,0.2704,0.0019,0.1025,0.0301,11,0.6323,12,1,syn_20260831_000461,2026-08-17,2026-08-30,1
3,137.46,4.24,0.1968,0.3016,0.0241,0.1136,0.0507,13,0.8418,7,2,syn_20260831_000462,2026-08-17,2026-08-30,1
1,19.95,2.09,0.0,0.0,0.0,0.0185,0.0148,2,0.1411,8,3,syn_20260831_000463,2026-08-17,2026-08-30,1
4,142.38,6.68,0.066,0.0802,0.2579,0.138,0.15,11,0.5,10,3,syn_20260831_000464,2026-08-17,2026-08-30,1
4,180.82,5.0,0.0692,0.1163,0.207,0.1286,0.1013,12,0.5386,11,0,syn_20260831_000465,2026-08-17,2026-08-30,1
4,205.85,4.46,0.0571,0.0211,0.0565,0.1732,0.1657,6,0.4221,5,3,syn_20260831_000466,2026-08-17,2026-08-30,1
1,30.54,2.0,0.0,0.0,0.0,0.0024,0.0382,2,0.1838,8,4,syn_20260831_000467,2026-08-17,2026-08-30,1
5,140.44,6.25,0.3209,0.1808,0.0303,0.1398,0.0892,14,0.8123,3,3,syn_20260831_000468,2026-08-17,2026-08-30,1
1,5.83,2.59,0.0,0.0,0.0,0.0135,0.0183,2,0.1465,9,2,syn_20260831_000469,2026-08-17,2026-08-30,1
1,20.01,2.87,0.0,0.0,0.0,0.049,0.0086,2,0.1643,8,8,syn_20260831_000470,2026-08-17,2026-08-30,1
5,135.07,7.52,0.15,0.2075,0.0349,0.05,0.0626,9,0.8057,3,0,syn_20260831_000471,2026-08-17,2026-08-30,1
3,223.86,4.12,0.0287,0.0175,0.0001,0.1477,0.2463,9,0.5504,11,0,syn_20260831_000472,2026-08-17,2026-08-30,1
2,59.8,3.55,0.0135,0.0103,0.0183,0.0276,0.0,3,0.1886,9,4,syn_20260831_000473,2026-08-17,2026-08-30,1
1,24.51,2.91,0.0,0.0,0.0,0.0,0.0126,2,0.1422,9,7,syn_20260831_000474,2026-08-17,2026-08-30,1
5,139.15,6.27,0.2966,0.2175,0.0266,0.0561,0.039,12,0.6553,4,2,syn_20260831_000475,2026-08-17,2026-08-30,1
4,169.44,5.44,0.1808,0.1863,0.0298,0.15,0.0074,12,0.6899,5,3,syn_20260831_000476,2026-08-17,2026-08-30,1
1,8.95,2.92,0.0,0.0,0.0,0.0271,0.0401,2,0.1383,5,2,syn_20260831_000477,2026-08-17,2026-08-30,1
2,10.0,3.7,0.0125,0.0432,0.0208,0.0261,0.0384,2,0.1269,5,3,syn_20260831_000478,2026-08-17,2026-08-30,1
5,162.66,6.75,0.3102,0.2901,0.0251,0.0641,0.0288,15,0.7942,5,3,syn_20260831_000479,2026-08-17,2026-08-30,1
4,75.64,7.44,0.318,0.3121,0.0394,0.0943,0.0394,10,0.711,12,1,syn_20260831_000480,2026-08-17,2026-08-30,1
2,259.45,4.19,0.0402,0.033,0.0496,0.2183,0.1548,6,0.5193,5,4,syn_20260831_000481,2026-08-17,2026-08-30,1
1,31.92,2.7,0.0,0.0,0.0,0.0377,0.0139,2,0.1547,13,4,syn_20260831_000482,2026-08-17,2026-08-30,1
4,113.37,6.53,0.2005,0.2881,0.001,0.0678,0.0304,12,0.6024,9,2,syn_20260831_000483,2026-08-17,2026-08-30,1
4,130.4,5.54,0.1786,0.2085,0.044,0.1071,0.071,10,0.8273,10,3,syn_20260831_000484,2026-08-17,2026-08-30,1
2,188.68,5.22,0.049,0.0222,0.0203,0.1905,0.1789,7,0.5634,7,6,syn_20260831_000485,2026-08-17,2026-08-30,1
4,293.62,5.39,0.0438,0.05,0.0253,0.2344,0.2557,6,0.5185,13,2,syn_20260831_000486,2026-08-17,2026-08-30,1
2,201.96,6.55,0.0519,0.0244,0.0,0.1576,0.2865,8,0.7,3,2,syn_20260831_000487,2026-08-17,2026-08-30,1
5,225.28,8.38,0.1316,0.1144,0.2586,0.1686,0.0612,13,0.6299,6,3,syn_20260831_000488,2026-08-17,2026-08-30,1
4,88.45,6.04,0.2175,0.1792,0.013,0.15,0.0635,14,0.696,14,0,syn_20260831_000489,2026-08-17,2026-08-30,1
5,139.12,7.56,0.2788,0.3102,0.0253,0.107,0.0929,14,0.6,4,2,syn_20260831_000490,2026-08-17,2026-08-30,1
5,160.64,9.95,0.0629,0.0841,0.2005,0.1759,0.0616,13,0.6584,9,1,syn_20260831_000491,2026-08-17,2026-08-30,1
7,131.89,6.01,0.148,0.1281,0.2494,0.1466,0.05,20,0.5766,6,2,syn_20260831_000492,2026-08-17,2026-08-30,1
5,100.26,4.18,0.18,0.2767,0.0231,0.0965,0.0823,9,0.6745,9,1,syn_20260831_000493,2026-08-17,2026-08-30,1
8,158.39,6.93,0.1193,0.1167,0.2561,0.1312,0.1012,20,0.6202,14,3,syn_20260831_000494,2026-08-17,2026-08-30,1
4,70.71,7.35,0.2704,0.2745,0.0094,0.0717,0.0067,10,0.7487,10,4,syn_20260831_000495,2026-08-17,2026-08-30,1
3,111.53,6.96,0.1677,0.2626,0.0032,0.0505,0.0143,12,0.7258,9,0,syn_20260831_000496,2026-08-17,2026-08-30,1
5,90.0,5.98,0.0762,0.1035,0.221,0.1892,0.1153,19,0.7335,14,3,syn_20260831_000497,2026-08-17,2026-08-30,1
4,120.0,7.46,0.0363,0.0253,0.0708,0.1733,0.2661,8,0.5374,6,4,syn_20260831_000498,2026-08-17,2026-08-30,1
8,90.0,7.54,0.0741,0.0564,0.3,0.1195,0.0687,15,0.7345,9,2,syn_20260831_000499,2026-08-17,2026-08-30,1
4,119.79,7.48,0.2759,0.224,0.025,0.1162,0.0224,12,0.6,9,1,syn_20260831_000500,2026-08-17,2026-08-30,1
3,138.06,5.24,0.071,0.0131,0.0026,0.1479,0.2707,12,0.499,10,0,syn_20260831_000501,2026-08-17,2026-08-30,1
6,98.96,6.8,0.0637,0.059,0.15,0.1641,0.15,19,0.6013,7,1,syn_20260831_000502,2026-08-17,2026-08-30,1
3,63.3,7.33,0.1716,0.35,0.0159,0.1244,0.0626,14,0.7265,7,1,syn_20260831_000503,2026-08-17,2026-08-30,1
4,156.59,6.48,0.0882,0.065,0.277,0.1939,0.0898,19,0.7209,9,2,syn_20260831_000504,2026-08-17,2026-08-30,1
4,93.73,5.35,0.2527,0.1837,0.0339,0.0662,0.0845,12,0.6879,4,2,syn_20260831_000505,2026-08-17,2026-08-30,1
1,33.29,2.57,0.0,0.0,0.0,0.0091,0.0196,2,0.1547,12,7,syn_20260831_000506,2026-08-17,2026-08-30,1
6,116.5,7.79,0.35,0.2006,0.0161,0.05,0.0958,13,0.6547,9,1,syn_20260831_000507,2026-08-17,2026-08-30,1
4,116.46,7.9,0.2614,0.3053,0.0136,0.15,0.0947,8,0.6761,6,1,syn_20260831_000508,2026-08-17,2026-08-30,1
3,243.19,3.79,0.0536,0.0348,0.0013,0.2398,0.2559,6,0.4797,9,3,syn_20260831_000509,2026-08-17,2026-08-30,1
5,84.16,4.82,0.3,0.2036,0.009,0.0916,0.0993,10,0.8017,10,0,syn_20260831_000510,2026-08-17,2026-08-30,1
7,129.33,7.23,0.0593,0.0769,0.1789,0.1067,0.0674,17,0.719,9,1,syn_20260831_000511,2026-08-17,2026-08-30,1
4,287.55,4.8,0.1,0.0478,0.0638,0.1522,0.2156,11,0.4175,5,3,syn_20260831_000512,2026-08-17,2026-08-30,1
3,180.0,6.33,0.1687,0.2524,0.02,0.1404,0.0767,14,0.8353,5,1,syn_20260831_000513,2026-08-17,2026-08-30,1
5,125.52,7.68,0.1316,0.1074,0.2654,0.2,0.1343,11,0.6308,7,2,syn_20260831_000514,2026-08-17,2026-08-30,1
4,236.09,4.8,0.0798,0.0142,0.0307,0.1661,0.2039,7,0.4084,3,3,syn_20260831_000515,2026-08-17,2026-08-30,1
3,126.12,4.81,0.0,0.0488,0.0309,0.1547,0.3,8,0.5455,7,3,syn_20260831_000516,2026-08-17,2026-08-30,1
5,159.07,6.26,0.1013,0.05,0.2645,0.179,0.0755,15,0.664,9,0,syn_20260831_000517,2026-08-17,2026-08-30,1
4,77.83,5.38,0.2347,0.2643,0.05,0.1159,0.0198,9,0.6943,9,1,syn_20260831_000518,2026-08-17,2026-08-30,1
3,80.04,6.49,0.181,0.2979,0.0192,0.1249,0.0318,13,0.7967,9,0,syn_20260831_000519,2026-08-17,2026-08-30,1
6,213.72,5.0,0.1438,0.1074,0.1694,0.1172,0.1298,10,0.6217,9,1,syn_20260831_000520,2026-08-17,2026-08-30,1
5,60.0,4.0,0.198,0.217,0.0185,0.1423,0.0825,14,0.691,11,4,syn_20260831_000521,2026-08-17,2026-08-30,1
6,113.1,5.99,0.0546,0.0752,0.1608,0.1265,0.1021,11,0.5731,9,3,syn_20260831_000522,2026-08-17,2026-08-30,1
1,5.0,2.34,0.0,0.0,0.0,0.0204,0.0482,2,0.1572,4,2,syn_20260831_000523,2026-08-17,2026-08-30,1
2,28.33,3.84,0.0171,0.0,0.0403,0.1,0.0181,4,0.224,6,4,syn_20260831_000524,2026-08-17,2026-08-30,1
1,32.22,2.83,0.0,0.0,0.0,0.0229,0.0434,2,0.1553,11,3,syn_20260831_000525,2026-08-17,2026-08-30,1
4,152.26,7.09,0.1507,0.35,0.0057,0.15,0.021,9,0.7689,10,0,syn_20260831_000526,2026-08-17,2026-08-30,1
4,180.0,6.65,0.3465,0.2069,0.0335,0.0914,0.0,11,0.7901,4,3,syn_20260831_000527,2026-08-17,2026-08-30,1
5,143.46,5.77,0.2529,0.1622,0.018,0.121,0.0281,12,0.6015,8,1,syn_20260831_000528,2026-08-17,2026-08-30,1
2,299.99,5.26,0.0231,0.0448,0.0218,0.1369,0.2356,9,0.4045,8,1,syn_20260831_000529,2026-08-17,2026-08-30,1
5,99.67,4.0,0.2534,0.15,0.0489,0.0634,0.0412,15,0.6908,3,2,syn_20260831_000530,2026-08-17,2026-08-30,1
6,61.77,4.66,0.2712,0.2031,0.0098,0.1007,0.025,12,0.7614,10,2,syn_20260831_000531,2026-08-17,2026-08-30,1
2,120.0,4.72,0.0937,0.0212,0.0288,0.1448,0.158,9,0.6235,10,5,syn_20260831_000532,2026-08-17,2026-08-30,1
1,25.08,2.52,0.0,0.0,0.0,0.034,0.0413,2,0.0516,11,3,syn_20260831_000533,2026-08-17,2026-08-30,1
6,115.19,6.37,0.3485,0.2573,0.0395,0.1234,0.0034,13,0.6,11,4,syn_20260831_000534,2026-08-17,2026-08-30,1
4,161.13,5.46,0.0071,0.041,0.0496,0.25,0.2772,8,0.5154,6,2,syn_20260831_000535,2026-08-17,2026-08-30,1
6,99.55,4.83,0.2881,0.2186,0.0454,0.05,0.0306,9,0.7313,3,0,syn_20260831_000536,2026-08-17,2026-08-30,1
1,35.46,2.54,0.0,0.0,0.0,0.0015,0.0177,2,0.1638,7,4,syn_20260831_000537,2026-08-17,2026-08-30,1
2,191.97,5.14,0.0775,0.0436,0.0476,0.25,0.1828,7,0.3,13,3,syn_20260831_000538,2026-08-17,2026-08-30,1
6,163.76,7.3,0.0727,0.0764,0.2679,0.1798,0.1174,13,0.5686,5,0,syn_20260831_000539,2026-08-17,2026-08-30,1
1,25.35,3.0,0.0,0.0,0.0,0.0373,0.0401,3,0.1283,6,5,syn_20260831_000540,2026-08-17,2026-08-30,1
5,60.0,7.48,0.3208,0.2359,0.0377,0.1247,0.0362,9,0.8241,11,2,syn_20260831_000541,2026-08-17,2026-08-30,1
3,260.37,4.0,0.0256,0.0,0.0478,0.1354,0.1521,11,0.4576,5,5,syn_20260831_000542,2026-08-17,2026-08-30,1
5,154.18,6.45,0.35,0.261,0.0152,0.0918,0.0581,9,0.7566,9,4,syn_20260831_000543,2026-08-17,2026-08-30,1
1,21.1,3.0,0.0,0.0,0.0,0.0228,0.0077,2,0.1428,9,0,syn_20260831_000544,2026-08-17,2026-08-30,1
7,228.56,7.98,0.1028,0.0874,0.1619,0.1073,0.1194,15,0.5619,10,3,syn_20260831_000545,2026-08-17,2026-08-30,1
1,22.63,2.23,0.0,0.0,0.0,0.0345,0.0312,2,0.1244,6,2,syn_20260831_000546,2026-08-17,2026-08-30,1
6,133.22,6.91,0.2475,0.2445,0.0388,0.1438,0.0161,15,0.8121,4,2,syn_20260831_000547,2026-08-17,2026-08-30,1
5,80.26,6.8,0.2294,0.3155,0.0281,0.096,0.0949,14,0.6555,9,1,syn_20260831_000548,2026-08-17,2026-08-30,1
7,130.57,6.9,0.0683,0.07,0.2293,0.1905,0.0657,17,0.5138,10,3,syn_20260831_000549,2026-08-17,2026-08-30,1
5,156.26,5.76,0.137,0.0709,0.157,0.1433,0.0556,16,0.6202,9,1,syn_20260831_000550,2026-08-17,2026-08-30,1
4,237.26,5.81,0.0549,0.15,0.2003,0.1481,0.1335,10,0.648,12,2,syn_20260831_000551,2026-08-17,2026-08-30,1
2,120.0,5.4,0.0579,0.0326,0.0033,0.1137,0.2893,9,0.4488,8,2,syn_20260831_000552,2026-08-17,2026-08-30,1
1,25.39,2.97,0.0,0.0,0.0,0.0345,0.0409,3,0.0157,9,0,syn_20260831_000553,2026-08-17,2026-08-30,1
4,234.85,6.22,0.0868,0.0,0.0759,0.1256,0.2526,9,0.6415,12,1,syn_20260831_000554,2026-08-17,2026-08-30,1
5,78.35,4.43,0.2762,0.1652,0.0249,0.1305,0.0495,14,0.6,9,4,syn_20260831_000555,2026-08-17,2026-08-30,1
5,136.67,6.98,0.3458,0.3287,0.0371,0.1325,0.035,12,0.6471,12,2,syn_20260831_000556,2026-08-17,2026-08-30,1
2,271.45,5.99,0.0652,0.0316,0.0969,0.1701,0.2672,7,0.4125,6,3,syn_20260831_000557,2026-08-17,2026-08-30,1
1,37.47,2.38,0.0,0.0,0.0,0.0385,0.0384,2,0.168,9,4,syn_20260831_000558,2026-08-17,2026-08-30,1
6,163.78,7.23,0.0774,0.0783,0.1916,0.1072,0.15,17,0.614,8,2,syn_20260831_000559,2026-08-17,2026-08-30,1
1,32.64,2.27,0.0,0.0,0.0,0.0088,0.0029,2,0.1668,9,3,syn_20260831_000560,2026-08-17,2026-08-30,1
5,185.29,8.33,0.1443,0.0531,0.2641,0.1,0.1118,13,0.6732,5,2,syn_20260831_000561,2026-08-17,2026-08-30,1
4,120.0,3.76,0.0977,0.0035,0.0318,0.1608,0.2128,7,0.5145,9,2,syn_20260831_000562,2026-08-17,2026-08-30,1
7,134.23,8.54,0.1098,0.077,0.2457,0.124,0.0775,15,0.5152,9,2,syn_20260831_000563,2026-08-17,2026-08-30,1
5,240.0,5.6,0.1035,0.0672,0.2198,0.1872,0.1366,11,0.7326,13,1,syn_20260831_000564,2026-08-17,2026-08-30,1
5,178.54,9.92,0.0945,0.1104,0.1919,0.1,0.1188,12,0.7434,9,2,syn_20260831_000565,2026-08-17,2026-08-30,1
1,8.4,2.3,0.0,0.0,0.0,0.0052,0.0,2,0.1407,9,1,syn_20260831_000566,2026-08-17,2026-08-30,1
3,173.41,5.53,0.2461,0.1942,0.022,0.067,0.0309,12,0.695,9,2,syn_20260831_000567,2026-08-17,2026-08-30,1
3,169.12,5.97,0.3187,0.3232,0.0184,0.05,0.0816,15,0.8043,7,0,syn_20260831_000568,2026-08-17,2026-08-30,1
5,118.25,5.06,0.2525,0.3149,0.0446,0.0744,0.0211,14,0.6671,4,2,syn_20260831_000569,2026-08-17,2026-08-30,1
4,208.14,6.0,0.0237,0.0,0.0351,0.188,0.2491,8,0.5326,6,4,syn_20260831_000570,2026-08-17,2026-08-30,1
1,10.18,3.0,0.0,0.0,0.0,0.0,0.0056,2,0.0942,5,5,syn_20260831_000571,2026-08-17,2026-08-30,1
5,86.66,7.29,0.2963,0.153,0.039,0.1418,0.0056,12,0.7399,8,3,syn_20260831_000572,2026-08-17,2026-08-30,1
6,94.41,10.0,0.0903,0.147,0.2058,0.1593,0.1388,11,0.522,10,3,syn_20260831_000573,2026-08-17,2026-08-30,1
2,20.47,3.93,0.0331,0.0087,0.05,0.0242,0.0023,4,0.0666,6,5,syn_20260831_000574,2026-08-17,2026-08-30,1
7,185.13,5.49,0.1453,0.1093,0.1603,0.1441,0.1125,15,0.6007,13,2,syn_20260831_000575,2026-08-17,2026-08-30,1
5,107.23,4.0,0.277,0.2807,0.0365,0.141,0.0577,10,0.7212,4,0,syn_20260831_000576,2026-08-17,2026-08-30,1
2,165.78,4.24,0.096,0.0071,0.0267,0.157,0.1529,5,0.5084,7,1,syn_20260831_000577,2026-08-17,2026-08-30,1
3,79.35,5.57,0.2982,0.1724,0.016,0.1005,0.0709,8,0.7943,4,4,syn_20260831_000578,2026-08-17,2026-08-30,1
4,98.58,6.38,0.2327,0.2558,0.0176,0.1097,0.0357,15,0.8064,14,1,syn_20260831_000579,2026-08-17,2026-08-30,1
1,10.85,2.57,0.0,0.0,0.0,0.0439,0.0147,3,0.1044,11,1,syn_20260831_000580,2026-08-17,2026-08-30,1
3,281.65,5.57,0.0764,0.0419,0.0822,0.134,0.2238,9,0.5209,9,4,syn_20260831_000581,2026-08-17,2026-08-30,1
5,172.34,7.37,0.1863,0.3045,0.0346,0.1281,0.0385,11,0.6,8,1,syn_20260831_000582,2026-08-17,2026-08-30,1
2,143.99,3.57,0.0529,0.0437,0.0177,0.2404,0.2226,7,0.4708,11,5,syn_20260831_000583,2026-08-17,2026-08-30,1
3,132.89,4.5,0.0614,0.0115,0.0113,0.1645,0.2235,6,0.3189,10,0,syn_20260831_000584,2026-08-17,2026-08-30,1
6,77.49,4.57,0.2904,0.2391,0.036,0.15,0.0218,8,0.6435,9,2,syn_20260831_000585,2026-08-17,2026-08-30,1
5,166.39,9.48,0.0953,0.105,0.2041,0.1553,0.0988,16,0.6081,9,1,syn_20260831_000586,2026-08-17,2026-08-30,1
8,235.19,6.61,0.0653,0.0979,0.1732,0.1463,0.07,13,0.6245,9,2,syn_20260831_000587,2026-08-17,2026-08-30,1
4,240.0,5.59,0.1244,0.0539,0.1905,0.174,0.093,11,0.6291,7,0,syn_20260831_000588,2026-08-17,2026-08-30,1
5,115.23,7.73,0.1132,0.068,0.2989,0.1323,0.1392,20,0.5913,9,0,syn_20260831_000589,2026-08-17,2026-08-30,1
1,34.1,2.63,0.0,0.0,0.0,0.0,0.0275,2,0.1712,3,0,syn_20260831_000590,2026-08-17,2026-08-30,1
7,112.47,7.25,0.0605,0.1022,0.1636,0.1211,0.1128,19,0.5,13,0,syn_20260831_000591,2026-08-17,2026-08-30,1
1,7.4,2.52,0.0,0.0,0.0,0.0161,0.0201,2,0.0124,6,3,syn_20260831_000592,2026-08-17,2026-08-30,1
1,35.91,2.64,0.0,0.0,0.0,0.0351,0.0397,2,0.1263,12,2,syn_20260831_000593,2026-08-17,2026-08-30,1
6,108.85,6.29,0.2227,0.2652,0.0157,0.1085,0.0558,10,0.7574,9,0,syn_20260831_000594,2026-08-17,2026-08-30,1
4,168.8,9.32,0.05,0.0805,0.2854,0.18,0.05,15,0.6856,9,1,syn_20260831_000595,2026-08-17,2026-08-30,1
3,153.81,5.23,0.0419,0.0027,0.0264,0.1056,0.25,9,0.5142,6,2,syn_20260831_000596,2026-08-17,2026-08-30,1
4,144.41,4.0,0.35,0.2343,0.0056,0.0812,0.0,10,0.6,7,0,syn_20260831_000597,2026-08-17,2026-08-30,1
5,138.83,5.58,0.1504,0.1902,0.0489,0.0979,0.0523,14,0.6305,5,3,syn_20260831_000598,2026-08-17,2026-08-30,1
1,20.73,2.42,0.0,0.0,0.0,0.0238,0.0348,2,0.2,9,8,syn_20260831_000599,2026-08-17,2026-08-30,1
8,190.07,9.22,0.1073,0.05,0.2519,0.1088,0.0745,10,0.6853,12,0,syn_20260831_000600,2026-08-17,2026-08-30,1
3,300.0,4.59,0.0754,0.0494,0.0272,0.1487,0.2672,10,0.3944,11,0,syn_20260831_000601,2026-08-17,2026-08-30,1
5,121.52,7.42,0.1415,0.1292,0.2529,0.1864,0.1245,15,0.6522,10,1,syn_20260831_000602,2026-08-17,2026-08-30,1
4,138.75,5.64,0.3022,0.2293,0.0129,0.0503,0.0811,12,0.7402,11,2,syn_20260831_000603,2026-08-17,2026-08-30,1
5,81.15,5.48,0.2553,0.2324,0.05,0.1218,0.0304,15,0.7955,12,2,syn_20260831_000604,2026-08-17,2026-08-30,1
5,240.0,10.0,0.1306,0.0834,0.2381,0.1922,0.0505,20,0.5414,11,2,syn_20260831_000605,2026-08-17,2026-08-30,1
5,121.46,5.51,0.2779,0.15,0.0253,0.0652,0.1,12,0.7233,7,2,syn_20260831_000606,2026-08-17,2026-08-30,1
2,269.8,5.93,0.0578,0.0219,0.018,0.1945,0.1598,10,0.5305,9,3,syn_20260831_000607,2026-08-17,2026-08-30,1
5,114.57,7.67,0.35,0.194,0.0411,0.1147,0.0387,10,0.7466,9,1,syn_20260831_000608,2026-08-17,2026-08-30,1
4,62.0,4.96,0.3105,0.2283,0.0,0.0984,0.0835,11,0.6926,14,2,syn_20260831_000609,2026-08-17,2026-08-30,1
6,219.2,9.57,0.1053,0.15,0.2047,0.1413,0.0575,13,0.6766,9,1,syn_20260831_000610,2026-08-17,2026-08-30,1
4,181.57,5.0,0.0081,0.0457,0.0,0.1426,0.2882,8,0.3,12,2,syn_20260831_000611,2026-08-17,2026-08-30,1
5,134.7,4.15,0.35,0.2422,0.0358,0.0834,0.0645,8,0.8102,9,3,syn_20260831_000612,2026-08-17,2026-08-30,1
3,158.55,4.0,0.2574,0.3492,0.0195,0.0833,0.0687,12,0.8275,10,4,syn_20260831_000613,2026-08-17,2026-08-30,1
4,160.0,6.6,0.2495,0.1995,0.002,0.0729,0.0683,13,0.7316,13,0,syn_20260831_000614,2026-08-17,2026-08-30,1
3,107.96,6.7,0.2847,0.35,0.0072,0.0765,0.0361,13,0.7675,9,0,syn_20260831_000615,2026-08-17,2026-08-30,1
1,27.98,2.98,0.0,0.0,0.0,0.024,0.0278,3,0.173,9,3,syn_20260831_000616,2026-08-17,2026-08-30,1
1,13.87,2.81,0.0,0.0,0.0,0.0312,0.0139,3,0.2,5,1,syn_20260831_000617,2026-08-17,2026-08-30,1
1,50.34,3.88,0.041,0.0336,0.0281,0.0916,0.027,4,0.1434,9,3,syn_20260831_000618,2026-08-17,2026-08-30,1
5,180.0,5.15,0.35,0.2849,0.0089,0.0874,0.0351,9,0.85,9,2,syn_20260831_000619,2026-08-17,2026-08-30,1
3,109.95,4.62,0.1716,0.35,0.0089,0.0897,0.048,10,0.7315,9,4,syn_20260831_000620,2026-08-17,2026-08-30,1
4,60.0,7.01,0.3082,0.1836,0.0067,0.0826,0.0119,13,0.6605,9,2,syn_20260831_000621,2026-08-17,2026-08-30,1
5,90.47,5.04,0.2625,0.2117,0.0479,0.0607,0.0225,15,0.7686,9,0,syn_20260831_000622,2026-08-17,2026-08-30,1
4,226.16,5.62,0.0883,0.05,0.2936,0.1046,0.1449,15,0.6116,9,1,syn_20260831_000623,2026-08-17,2026-08-30,1
7,170.49,9.45,0.0918,0.0776,0.2923,0.1172,0.0907,12,0.5074,8,1,syn_20260831_000624,2026-08-17,2026-08-30,1
4,123.27,4.0,0.1964,0.1925,0.0,0.05,0.0549,14,0.6198,14,3,syn_20260831_000625,2026-08-17,2026-08-30,1
1,32.52,3.55,0.0211,0.0,0.018,0.0,0.0,2,0.2048,3,0,syn_20260831_000626,2026-08-17,2026-08-30,1
6,151.21,5.98,0.268,0.2318,0.0067,0.098,0.0673,15,0.6591,8,2,syn_20260831_000627,2026-08-17,2026-08-30,1
5,152.86,8.07,0.0676,0.0695,0.174,0.1032,0.0726,10,0.7122,9,3,syn_20260831_000628,2026-08-17,2026-08-30,1
3,268.63,4.57,0.0034,0.0436,0.0261,0.1493,0.1893,8,0.58,12,2,syn_20260831_000629,2026-08-17,2026-08-30,1
4,60.0,7.68,0.3127,0.15,0.05,0.086,0.0704,9,0.7613,14,1,syn_20260831_000630,2026-08-17,2026-08-30,1
4,105.02,5.0,0.1006,0.1087,0.2016,0.145,0.05,19,0.6321,7,3,syn_20260831_000631,2026-08-17,2026-08-30,1
5,111.07,7.0,0.2218,0.2394,0.0128,0.148,0.0574,12,0.85,7,2,syn_20260831_000632,2026-08-17,2026-08-30,1
5,116.56,6.09,0.1856,0.35,0.0344,0.0687,0.0191,11,0.6878,13,1,syn_20260831_000633,2026-08-17,2026-08-30,1
5,92.43,7.03,0.3064,0.3077,0.016,0.0899,0.055,14,0.6782,12,3,syn_20260831_000634,2026-08-17,2026-08-30,1
6,124.05,9.71,0.062,0.1302,0.274,0.1737,0.0543,16,0.6298,11,0,syn_20260831_000635,2026-08-17,2026-08-30,1
1,35.09,2.35,0.0,0.0,0.0,0.0157,0.0221,2,0.0634,14,1,syn_20260831_000636,2026-08-17,2026-08-30,1
7,156.63,7.96,0.076,0.0952,0.2967,0.1793,0.0874,13,0.7371,11,3,syn_20260831_000637,2026-08-17,2026-08-30,1
3,77.58,4.28,0.2376,0.2523,0.0209,0.0623,0.012,10,0.8344,9,2,syn_20260831_000638,2026-08-17,2026-08-30,1
5,165.2,6.81,0.0509,0.05,0.2521,0.1262,0.1221,17,0.75,10,1,syn_20260831_000639,2026-08-17,2026-08-30,1
5,60.0,6.29,0.2217,0.2108,0.0444,0.1054,0.0,13,0.6129,9,4,syn_20260831_000640,2026-08-17,2026-08-30,1
6,229.27,5.48,0.1347,0.1038,0.2561,0.1747,0.0806,13,0.5,9,1,syn_20260831_000641,2026-08-17,2026-08-30,1
2,32.06,2.49,0.0304,0.05,0.0351,0.0125,0.049,2,0.1607,7,5,syn_20260831_000642,2026-08-17,2026-08-30,1
1,25.79,2.27,0.0,0.0,0.0,0.007,0.0472,2,0.1724,9,2,syn_20260831_000643,2026-08-17,2026-08-30,1
4,251.7,5.04,0.0592,0.0139,0.0131,0.1132,0.1696,10,0.567,12,0,syn_20260831_000644,2026-08-17,2026-08-30,1
8,95.13,7.65,0.1382,0.1474,0.2332,0.1579,0.0874,10,0.707,14,3,syn_20260831_000645,2026-08-17,2026-08-30,1
4,176.83,5.75,0.1894,0.2946,0.0409,0.1089,0.0,11,0.68,9,4,syn_20260831_000646,2026-08-17,2026-08-30,1
3,225.88,4.16,0.0149,0.0024,0.0156,0.2279,0.2659,10,0.4786,7,2,syn_20260831_000647,2026-08-17,2026-08-30,1
7,130.38,7.7,0.107,0.0733,0.15,0.2,0.1102,18,0.5752,10,1,syn_20260831_000648,2026-08-17,2026-08-30,1
5,165.98,9.03,0.1309,0.05,0.15,0.1243,0.1324,19,0.75,9,2,syn_20260831_000649,2026-08-17,2026-08-30,1
4,149.89,3.41,0.0334,0.0349,0.0213,0.1876,0.2585,7,0.3205,10,1,syn_20260831_000650,2026-08-17,2026-08-30,1
1,17.57,2.81,0.05,0.0376,0.0016,0.0002,0.0285,3,0.2576,3,2,syn_20260831_000651,2026-08-17,2026-08-30,1
2,197.2,5.08,0.0418,0.016,0.0404,0.2302,0.2783,6,0.5274,9,3,syn_20260831_000652,2026-08-17,2026-08-30,1
4,283.08,4.17,0.0096,0.0366,0.0436,0.2338,0.2256,10,0.5283,11,2,syn_20260831_000653,2026-08-17,2026-08-30,1
8,172.69,7.51,0.0667,0.147,0.2797,0.1495,0.1121,16,0.6892,10,1,syn_20260831_000654,2026-08-17,2026-08-30,1
3,225.82,3.21,0.0,0.0353,0.0415,0.2121,0.2423,10,0.448,11,4,syn_20260831_000655,2026-08-17,2026-08-30,1
8,186.23,9.2,0.05,0.1436,0.2265,0.1501,0.15,18,0.5052,9,0,syn_20260831_000656,2026-08-17,2026-08-30,1
4,78.05,4.0,0.3288,0.3447,0.0,0.1,0.0073,9,0.8336,6,3,syn_20260831_000657,2026-08-17,2026-08-30,1
4,156.21,7.77,0.2306,0.3045,0.0463,0.1221,0.0281,10,0.6181,9,3,syn_20260831_000658,2026-08-17,2026-08-30,1
5,157.65,5.87,0.3392,0.1705,0.0251,0.1474,0.0949,12,0.711,9,1,syn_20260831_000659,2026-08-17,2026-08-30,1
2,273.76,6.0,0.0771,0.0,0.0041,0.2411,0.2005,10,0.5626,4,0,syn_20260831_000660,2026-08-17,2026-08-30,1
6,132.35,8.07,0.0891,0.131,0.2819,0.1369,0.14,10,0.6585,7,3,syn_20260831_000661,2026-08-17,2026-08-30,1
3,167.58,5.16,0.0278,0.007,0.0005,0.2089,0.2591,5,0.44,10,2,syn_20260831_000662,2026-08-17,2026-08-30,1
4,133.13,6.41,0.1351,0.1192,0.2648,0.1805,0.0824,15,0.5131,5,2,syn_20260831_000663,2026-08-17,2026-08-30,1
2,180.51,5.12,0.0384,0.0167,0.0624,0.1757,0.2497,8,0.4177,7,3,syn_20260831_000664,2026-08-17,2026-08-30,1
2,255.49,3.56,0.0699,0.0231,0.0348,0.2234,0.2061,7,0.5227,8,1,syn_20260831_000665,2026-08-17,2026-08-30,1
1,19.29,2.54,0.0,0.0,0.0,0.0221,0.039,2,0.0016,9,3,syn_20260831_000666,2026-08-17,2026-08-30,1
2,32.42,3.39,0.0469,0.0349,0.0204,0.0698,0.0238,5,0.0113,9,1,syn_20260831_000667,2026-08-17,2026-08-30,1
1,13.73,2.87,0.0,0.0,0.0,0.0,0.0466,2,0.1209,9,0,syn_20260831_000668,2026-08-17,2026-08-30,1
6,205.59,7.83,0.1377,0.05,0.2774,0.1044,0.0906,11,0.5605,5,1,syn_20260831_000669,2026-08-17,2026-08-30,1
4,270.37,5.37,0.0241,0.0196,0.039,0.1668,0.3,7,0.3295,7,0,syn_20260831_000670,2026-08-17,2026-08-30,1
7,140.63,8.78,0.05,0.0787,0.1522,0.1171,0.1443,18,0.5307,11,2,syn_20260831_000671,2026-08-17,2026-08-30,1
3,272.32,5.85,0.0425,0.0136,0.0321,0.1575,0.3,12,0.4103,9,4,syn_20260831_000672,2026-08-17,2026-08-30,1
1,14.56,2.1,0.0,0.0,0.0,0.0102,0.0113,2,0.1975,12,7,syn_20260831_000673,2026-08-17,2026-08-30,1
4,242.84,7.16,0.0,0.0169,0.1,0.2,0.1751,10,0.4,9,2,syn_20260831_000674,2026-08-17,2026-08-30,1
2,39.03,2.77,0.0113,0.0162,0.0,0.0128,0.0409,3,0.0113,11,5,syn_20260831_000675,2026-08-17,2026-08-30,1
5,111.88,5.75,0.1303,0.0775,0.2611,0.1799,0.0741,18,0.7102,8,1,syn_20260831_000676,2026-08-17,2026-08-30,1
5,149.53,4.19,0.2674,0.2505,0.0261,0.0608,0.0607,13,0.7451,9,4,syn_20260831_000677,2026-08-17,2026-08-30,1
4,153.11,8.0,0.3371,0.2046,0.0297,0.1258,0.0108,11,0.8459,9,4,syn_20260831_000678,2026-08-17,2026-08-30,1
5,60.25,6.38,0.35,0.35,0.0496,0.082,0.0065,12,0.6778,5,2,syn_20260831_000679,2026-08-17,2026-08-30,1
4,280.9,4.67,0.0297,0.0077,0.034,0.1942,0.2341,10,0.5197,3,1,syn_20260831_000680,2026-08-17,2026-08-30,1
6,213.04,9.6,0.0579,0.071,0.15,0.1527,0.0538,19,0.6449,7,1,syn_20260831_000681,2026-08-17,2026-08-30,1
3,230.36,5.4,0.0925,0.011,0.0492,0.2263,0.2547,8,0.4487,6,2,syn_20260831_000682,2026-08-17,2026-08-30,1
2,14.6,2.21,0.0235,0.0223,0.0086,0.0378,0.0419,4,0.0361,8,4,syn_20260831_000683,2026-08-17,2026-08-30,1
4,135.43,4.15,0.1759,0.3344,0.0307,0.0817,0.1,15,0.6359,8,2,syn_20260831_000684,2026-08-17,2026-08-30,1
6,60.0,7.53,0.2652,0.3098,0.0347,0.1238,0.0141,9,0.6094,13,3,syn_20260831_000685,2026-08-17,2026-08-30,1
6,184.14,5.67,0.0591,0.0953,0.2314,0.1861,0.05,19,0.5199,9,2,syn_20260831_000686,2026-08-17,2026-08-30,1
1,18.53,2.0,0.0,0.0,0.0,0.0458,0.0365,2,0.1578,1,1,syn_20260831_000687,2026-08-17,2026-08-30,1
5,167.52,6.65,0.3142,0.2838,0.0171,0.1155,0.0422,9,0.7977,5,0,syn_20260831_000688,2026-08-17,2026-08-30,1
5,125.63,10.0,0.1119,0.0695,0.2675,0.1212,0.0678,15,0.5889,7,2,syn_20260831_000689,2026-08-17,2026-08-30,1
2,222.16,4.94,0.0,0.0405,0.0391,0.1,0.1811,9,0.3636,3,1,syn_20260831_000690,2026-08-17,2026-08-30,1
3,152.59,3.59,0.0458,0.0051,0.0396,0.1206,0.2683,6,0.4572,11,0,syn_20260831_000691,2026-08-17,2026-08-30,1
1,36.21,2.07,0.0,0.0,0.0,0.0133,0.0126,2,0.0729,9,0,syn_20260831_000692,2026-08-17,2026-08-30,1
6,60.0,6.47,0.2733,0.2889,0.0156,0.1163,0.0,14,0.6514,10,4,syn_20260831_000693,2026-08-17,2026-08-30,1
3,253.43,3.51,0.0065,0.0234,0.0186,0.1,0.1946,7,0.4057,14,4,syn_20260831_000694,2026-08-17,2026-08-30,1
8,153.36,6.02,0.1016,0.1005,0.2743,0.174,0.0848,13,0.75,6,2,syn_20260831_000695,2026-08-17,2026-08-30,1
3,167.83,4.88,0.0436,0.05,0.0154,0.1308,0.2702,8,0.5737,11,4,syn_20260831_000696,2026-08-17,2026-08-30,1
1,25.75,2.21,0.0,0.0,0.0,0.0234,0.0359,2,0.08,3,1,syn_20260831_000697,2026-08-17,2026-08-30,1
5,105.42,5.27,0.3138,0.3149,0.0175,0.0732,0.0641,11,0.6476,3,1,syn_20260831_000698,2026-08-17,2026-08-30,1
5,180.0,4.0,0.1823,0.2259,0.0283,0.1287,0.0717,9,0.8247,9,2,syn_20260831_000699,2026-08-17,2026-08-30,1
4,112.09,6.39,0.3148,0.1594,0.0458,0.0862,0.1,14,0.7637,9,0,syn_20260831_000700,2026-08-17,2026-08-30,1
4,136.2,3.05,0.0807,0.0018,0.03,0.2376,0.2435,10,0.3,4,3,syn_20260831_000701,2026-08-17,2026-08-30,1
2,50.8,2.41,0.0413,0.0433,0.0,0.0857,0.044,3,0.2974,9,2,syn_20260831_000702,2026-08-17,2026-08-30,1
2,283.14,4.78,0.0595,0.0333,0.0231,0.1422,0.183,8,0.5565,9,0,syn_20260831_000703,2026-08-17,2026-08-30,1
1,32.3,2.12,0.0415,0.011,0.0406,0.0676,0.0105,2,0.0248,9,1,syn_20260831_000704,2026-08-17,2026-08-30,1
2,204.13,3.73,0.0,0.0109,0.0424,0.2088,0.1795,7,0.5488,8,3,syn_20260831_000705,2026-08-17,2026-08-30,1
3,156.08,5.96,0.2154,0.2663,0.0312,0.0927,0.0,14,0.8062,13,3,syn_20260831_000706,2026-08-17,2026-08-30,1
5,83.19,4.6,0.2769,0.2817,0.0198,0.0995,0.0991,8,0.829,8,1,syn_20260831_000707,2026-08-17,2026-08-30,1
6,71.42,6.92,0.1754,0.2009,0.0375,0.1079,0.0734,9,0.6408,4,1,syn_20260831_000708,2026-08-17,2026-08-30,1
5,171.89,4.22,0.2085,0.3088,0.0,0.12,0.0875,12,0.8147,9,2,syn_20260831_000709,2026-08-17,2026-08-30,1
4,108.25,4.55,0.3341,0.2994,0.0117,0.15,0.1,13,0.6,10,2,syn_20260831_000710,2026-08-17,2026-08-30,1
4,90.0,6.97,0.15,0.1164,0.2466,0.1961,0.0909,15,0.5136,7,3,syn_20260831_000711,2026-08-17,2026-08-30,1
3,60.0,7.08,0.3157,0.2636,0.0,0.0976,0.0,15,0.6369,8,1,syn_20260831_000712,2026-08-17,2026-08-30,1
5,60.0,6.19,0.1975,0.1763,0.0393,0.0973,0.0751,14,0.6631,12,3,syn_20260831_000713,2026-08-17,2026-08-30,1
4,179.47,6.12,0.3176,0.1934,0.0139,0.0826,0.0553,15,0.8123,10,0,syn_20260831_000714,2026-08-17,2026-08-30,1
5,141.2,6.06,0.192,0.3154,0.0414,0.0558,0.0751,15,0.759,9,4,syn_20260831_000715,2026-08-17,2026-08-30,1
6,101.96,5.58,0.05,0.0987,0.23,0.1434,0.1467,13,0.6286,10,1,syn_20260831_000716,2026-08-17,2026-08-30,1
1,35.68,2.76,0.0,0.0,0.0,0.0351,0.0282,2,0.1375,7,4,syn_20260831_000717,2026-08-17,2026-08-30,1
5,183.29,5.78,0.0762,0.1232,0.1825,0.1647,0.1356,18,0.7095,5,2,syn_20260831_000718,2026-08-17,2026-08-30,1
8,90.0,5.0,0.0656,0.124,0.2726,0.1126,0.0975,16,0.5453,10,1,syn_20260831_000719,2026-08-17,2026-08-30,1
4,120.0,7.53,0.0928,0.039,0.0737,0.1705,0.1774,8,0.5939,13,4,syn_20260831_000720,2026-08-17,2026-08-30,1
4,133.34,5.94,0.2626,0.2504,0.0216,0.0505,0.0283,13,0.791,8,3,syn_20260831_000721,2026-08-17,2026-08-30,1
2,160.78,5.58,0.0272,0.0015,0.0462,0.1512,0.3,9,0.4153,10,0,syn_20260831_000722,2026-08-17,2026-08-30,1
6,168.29,6.26,0.3474,0.279,0.0014,0.1131,0.0607,8,0.7053,5,3,syn_20260831_000723,2026-08-17,2026-08-30,1
3,213.13,6.0,0.0558,0.0107,0.0282,0.1919,0.1967,6,0.4694,3,2,syn_20260831_000724,2026-08-17,2026-08-30,1
1,48.68,4.0,0.0261,0.0454,0.0269,0.018,0.0243,4,0.2998,2,2,syn_20260831_000725,2026-08-17,2026-08-30,1
4,259.86,5.27,0.0891,0.0179,0.048,0.1734,0.2249,5,0.413,6,0,syn_20260831_000726,2026-08-17,2026-08-30,1
5,60.0,6.83,0.3264,0.2969,0.0262,0.0743,0.0303,10,0.7456,8,1,syn_20260831_000727,2026-08-17,2026-08-30,1
2,26.46,3.69,0.05,0.0302,0.0128,0.0091,0.03,2,0.242,9,7,syn_20260831_000728,2026-08-17,2026-08-30,1
6,166.26,8.94,0.0765,0.1439,0.2016,0.1474,0.0954,17,0.6188,9,0,syn_20260831_000729,2026-08-17,2026-08-30,1
4,88.61,4.68,0.187,0.209,0.011,0.1153,0.0243,10,0.7261,9,1,syn_20260831_000730,2026-08-17,2026-08-30,1
1,7.66,2.9,0.0,0.0,0.0,0.0386,0.0204,2,0.1465,9,1,syn_20260831_000731,2026-08-17,2026-08-30,1
1,28.26,2.77,0.0,0.0,0.0,0.034,0.0243,3,0.1739,5,3,syn_20260831_000732,2026-08-17,2026-08-30,1
4,181.55,6.72,0.0343,0.037,0.0615,0.1,0.2338,10,0.4782,9,1,syn_20260831_000733,2026-08-17,2026-08-30,1
6,62.02,5.21,0.2032,0.35,0.033,0.0604,0.0856,10,0.7414,9,3,syn_20260831_000734,2026-08-17,2026-08-30,1
7,172.71,5.0,0.0801,0.0839,0.1951,0.116,0.05,13,0.6256,9,3,syn_20260831_000735,2026-08-17,2026-08-30,1
4,158.48,5.25,0.3029,0.2256,0.0299,0.05,0.0925,9,0.6316,9,1,syn_20260831_000736,2026-08-17,2026-08-30,1
3,232.71,5.98,0.0941,0.0298,0.0146,0.1871,0.2181,10,0.3,14,0,syn_20260831_000737,2026-08-17,2026-08-30,1
1,36.46,2.22,0.0,0.0,0.0,0.05,0.0047,2,0.0088,10,10,syn_20260831_000738,2026-08-17,2026-08-30,1
3,205.71,3.26,0.0932,0.0466,0.0472,0.1862,0.1968,9,0.3924,10,1,syn_20260831_000739,2026-08-17,2026-08-30,1
8,216.36,9.77,0.1154,0.1121,0.2005,0.1276,0.1267,16,0.6941,11,0,syn_20260831_000740,2026-08-17,2026-08-30,1
6,97.7,7.26,0.2583,0.3008,0.0494,0.0795,0.0786,10,0.6307,7,2,syn_20260831_000741,2026-08-17,2026-08-30,1
5,160.56,6.0,0.2414,0.2704,0.0,0.1024,0.0,14,0.85,9,1,syn_20260831_000742,2026-08-17,2026-08-30,1
1,22.93,2.24,0.0,0.0,0.0,0.0208,0.0,2,0.0462,11,0,syn_20260831_000743,2026-08-17,2026-08-30,1
5,62.76,6.27,0.2274,0.2774,0.05,0.1307,0.0054,14,0.7044,9,3,syn_20260831_000744,2026-08-17,2026-08-30,1
6,60.0,5.57,0.2611,0.1759,0.0148,0.1417,0.0646,14,0.8373,9,1,syn_20260831_000745,2026-08-17,2026-08-30,1
2,300.0,3.58,0.0305,0.0389,0.0132,0.1754,0.15,7,0.4698,9,3,syn_20260831_000746,2026-08-17,2026-08-30,1
8,240.0,9.19,0.144,0.1414,0.1963,0.183,0.1267,19,0.5221,9,1,syn_20260831_000747,2026-08-17,2026-08-30,1
1,58.1,2.93,0.0336,0.0062,0.0046,0.0,0.0135,3,0.2114,11,1,syn_20260831_000748,2026-08-17,2026-08-30,1
1,32.8,2.65,0.0,0.0,0.0,0.0328,0.0078,2,0.0929,8,4,syn_20260831_000749,2026-08-17,2026-08-30,1
7,110.56,5.0,0.1117,0.0849,0.1886,0.1669,0.0704,15,0.7155,9,2,syn_20260831_000750,2026-08-17,2026-08-30,1
3,231.35,5.25,0.1,0.0352,0.0264,0.25,0.268,6,0.5483,9,1,syn_20260831_000751,2026-08-17,2026-08-30,1
4,198.96,5.26,0.0744,0.0172,0.0054,0.1631,0.15,5,0.4874,7,3,syn_20260831_000752,2026-08-17,2026-08-30,1
3,300.0,3.49,0.0235,0.0354,0.0348,0.138,0.2285,9,0.3651,7,1,syn_20260831_000753,2026-08-17,2026-08-30,1
1,6.54,2.83,0.0,0.0,0.0,0.0461,0.0032,3,0.1839,7,1,syn_20260831_000754,2026-08-17,2026-08-30,1
6,88.45,6.99,0.1778,0.1663,0.0042,0.0687,0.0733,14,0.6954,13,0,syn_20260831_000755,2026-08-17,2026-08-30,1
7,130.15,6.83,0.0611,0.1442,0.1818,0.1616,0.05,10,0.6948,9,3,syn_20260831_000756,2026-08-17,2026-08-30,1
1,18.42,2.94,0.0,0.0,0.0,0.0426,0.0439,3,0.057,14,3,syn_20260831_000757,2026-08-17,2026-08-30,1
3,119.57,6.46,0.2918,0.3343,0.0449,0.1284,0.0554,8,0.7921,13,1,syn_20260831_000758,2026-08-17,2026-08-30,1
4,132.17,8.41,0.0649,0.1031,0.2067,0.1898,0.0709,12,0.6522,8,0,syn_20260831_000759,2026-08-17,2026-08-30,1
3,240.67,4.06,0.1,0.0405,0.0054,0.1308,0.2409,7,0.5809,13,3,syn_20260831_000760,2026-08-17,2026-08-30,1
7,174.76,9.58,0.1372,0.0698,0.3,0.1326,0.0675,15,0.5596,12,1,syn_20260831_000761,2026-08-17,2026-08-30,1
6,134.15,6.91,0.0885,0.085,0.2177,0.152,0.0806,15,0.7153,10,1,syn_20260831_000762,2026-08-17,2026-08-30,1
7,148.23,9.02,0.0552,0.05,0.1578,0.1834,0.0611,11,0.5729,8,1,syn_20260831_000763,2026-08-17,2026-08-30,1
8,136.18,5.89,0.0983,0.1005,0.2259,0.14,0.0765,17,0.6682,9,0,syn_20260831_000764,2026-08-17,2026-08-30,1
3,109.37,6.95,0.26,0.3139,0.0403,0.0767,0.0554,14,0.6871,9,1,syn_20260831_000765,2026-08-17,2026-08-30,1
1,14.83,2.49,0.0,0.0,0.0,0.0116,0.0266,2,0.1866,2,0,syn_20260831_000766,2026-08-17,2026-08-30,1
7,103.75,7.2,0.1202,0.0633,0.175,0.1754,0.1307,16,0.5319,7,1,syn_20260831_000767,2026-08-17,2026-08-30,1
4,157.58,5.0,0.1374,0.1023,0.1643,0.1423,0.104,10,0.6039,6,1,syn_20260831_000768,2026-08-17,2026-08-30,1
5,78.38,4.0,0.2865,0.3156,0.0206,0.1107,0.0811,10,0.7019,9,0,syn_20260831_000769,2026-08-17,2026-08-30,1
7,225.52,6.18,0.1081,0.0809,0.15,0.1,0.0654,18,0.6007,12,0,syn_20260831_000770,2026-08-17,2026-08-30,1
5,170.84,7.94,0.1058,0.0778,0.2084,0.1736,0.1492,12,0.75,13,1,syn_20260831_000771,2026-08-17,2026-08-30,1
6,171.17,4.41,0.1972,0.3026,0.0,0.0931,0.0214,13,0.653,4,0,syn_20260831_000772,2026-08-17,2026-08-30,1
1,7.79,2.52,0.0,0.0,0.0,0.023,0.0441,2,0.0387,3,1,syn_20260831_000773,2026-08-17,2026-08-30,1
1,25.41,2.0,0.0,0.0,0.0,0.0267,0.0439,2,0.2,13,8,syn_20260831_000774,2026-08-17,2026-08-30,1
4,122.08,7.34,0.2307,0.1678,0.047,0.0518,0.0503,14,0.75,7,4,syn_20260831_000775,2026-08-17,2026-08-30,1
4,154.43,7.22,0.2849,0.3247,0.0045,0.107,0.0815,14,0.7314,11,1,syn_20260831_000776,2026-08-17,2026-08-30,1
4,228.99,5.93,0.1054,0.0822,0.2204,0.1314,0.1225,11,0.6134,6,2,syn_20260831_000777,2026-08-17,2026-08-30,1
4,73.27,4.54,0.2374,0.2234,0.0358,0.1345,0.0413,9,0.6669,11,2,syn_20260831_000778,2026-08-17,2026-08-30,1
8,90.0,8.43,0.1169,0.0922,0.1949,0.2,0.0745,12,0.6615,10,1,syn_20260831_000779,2026-08-17,2026-08-30,1
5,137.94,7.19,0.2802,0.1699,0.0335,0.1496,0.0998,12,0.6,5,4,syn_20260831_000780,2026-08-17,2026-08-30,1
4,70.63,5.02,0.2916,0.2376,0.0363,0.1256,0.0793,11,0.798,7,1,syn_20260831_000781,2026-08-17,2026-08-30,1
6,167.37,5.06,0.099,0.1457,0.1873,0.1344,0.112,16,0.6424,11,1,syn_20260831_000782,2026-08-17,2026-08-30,1
6,136.98,8.91,0.1395,0.1015,0.2337,0.1997,0.1071,19,0.6029,11,1,syn_20260831_000783,2026-08-17,2026-08-30,1
4,217.36,4.34,0.0749,0.0338,0.05,0.1,0.2742,7,0.3965,9,1,syn_20260831_000784,2026-08-17,2026-08-30,1
8,240.0,9.06,0.0769,0.0706,0.2948,0.1423,0.0713,10,0.5578,13,3,syn_20260831_000785,2026-08-17,2026-08-30,1
5,148.89,4.44,0.2556,0.3321,0.0207,0.0989,0.0619,11,0.831,13,1,syn_20260831_000786,2026-08-17,2026-08-30,1
4,176.52,5.13,0.3145,0.322,0.0303,0.0735,0.0384,15,0.6469,12,3,syn_20260831_000787,2026-08-17,2026-08-30,1
4,300.0,6.05,0.0725,0.0374,0.0563,0.1289,0.242,6,0.6981,11,4,syn_20260831_000788,2026-08-17,2026-08-30,1
4,80.52,5.74,0.2315,0.1866,0.0109,0.0506,0.0801,9,0.6392,13,0,syn_20260831_000789,2026-08-17,2026-08-30,1
7,135.15,8.27,0.0699,0.0595,0.2086,0.1,0.118,13,0.75,7,3,syn_20260831_000790,2026-08-17,2026-08-30,1
6,131.45,7.21,0.2871,0.2818,0.0389,0.0763,0.0938,14,0.7146,9,4,syn_20260831_000791,2026-08-17,2026-08-30,1
6,195.68,8.47,0.0516,0.1244,0.1618,0.1491,0.1007,15,0.7385,12,1,syn_20260831_000792,2026-08-17,2026-08-30,1
5,71.92,6.73,0.2381,0.245,0.0138,0.0963,0.0975,14,0.6169,10,3,syn_20260831_000793,2026-08-17,2026-08-30,1
3,152.7,4.93,0.3226,0.1836,0.0344,0.0612,0.017,11,0.7392,5,4,syn_20260831_000794,2026-08-17,2026-08-30,1
1,31.8,2.67,0.0,0.0,0.0,0.0483,0.0363,3,0.1821,14,4,syn_20260831_000795,2026-08-17,2026-08-30,1
4,163.93,4.9,0.0371,0.05,0.05,0.2426,0.15,7,0.5179,10,4,syn_20260831_000796,2026-08-17,2026-08-30,1
4,121.4,6.73,0.3003,0.2162,0.0354,0.1485,0.0087,11,0.8125,9,1,syn_20260831_000797,2026-08-17,2026-08-30,1
3,173.8,3.91,0.0452,0.0,0.0047,0.1401,0.2692,9,0.5655,7,2,syn_20260831_000798,2026-08-17,2026-08-30,1
3,173.59,5.96,0.1686,0.2165,0.0181,0.15,0.0843,10,0.8214,13,1,syn_20260831_000799,2026-08-17,2026-08-30,1
7,142.82,7.6,0.1139,0.1475,0.1789,0.1391,0.0509,14,0.711,6,2,syn_20260831_000800,2026-08-17,2026-08-30,1
2,213.69,7.39,0.1,0.0295,0.02,0.165,0.1863,10,0.5913,7,5,syn_20260831_000801,2026-08-17,2026-08-30,1
1,44.23,2.18,0.0105,0.0042,0.0028,0.0943,0.0395,2,0.2177,5,3,syn_20260831_000802,2026-08-17,2026-08-30,1
1,5.17,3.0,0.0,0.0,0.0,0.0335,0.0406,2,0.0731,8,0,syn_20260831_000803,2026-08-17,2026-08-30,1
6,155.16,9.0,0.1224,0.1264,0.159,0.138,0.069,18,0.6698,9,0,syn_20260831_000804,2026-08-17,2026-08-30,1
6,97.72,6.8,0.1156,0.0591,0.2887,0.1345,0.05,20,0.6731,6,3,syn_20260831_000805,2026-08-17,2026-08-30,1
6,118.48,7.31,0.2267,0.3152,0.0297,0.05,0.0533,11,0.6677,9,4,syn_20260831_000806,2026-08-17,2026-08-30,1
2,52.8,3.5,0.0227,0.0076,0.0205,0.0171,0.0115,3,0.2109,14,7,syn_20260831_000807,2026-08-17,2026-08-30,1
4,109.66,7.91,0.2652,0.35,0.0145,0.0584,0.0757,13,0.8203,9,2,syn_20260831_000808,2026-08-17,2026-08-30,1
5,147.15,5.55,0.0955,0.1318,0.2105,0.173,0.0976,15,0.75,9,2,syn_20260831_000809,2026-08-17,2026-08-30,1
7,157.3,5.06,0.0927,0.1337,0.2915,0.1091,0.1003,14,0.5207,9,3,syn_20260831_000810,2026-08-17,2026-08-30,1
5,169.81,9.32,0.0667,0.0888,0.2419,0.1692,0.1142,17,0.5624,9,1,syn_20260831_000811,2026-08-17,2026-08-30,1
5,165.75,8.11,0.1246,0.1336,0.2049,0.1771,0.1174,12,0.5129,5,1,syn_20260831_000812,2026-08-17,2026-08-30,1
4,229.47,3.76,0.038,0.0124,0.0153,0.215,0.2564,8,0.414,9,3,syn_20260831_000813,2026-08-17,2026-08-30,1
1,15.28,2.33,0.0,0.0,0.0,0.0046,0.0018,2,0.089,6,0,syn_20260831_000814,2026-08-17,2026-08-30,1
5,209.28,9.47,0.092,0.1019,0.1844,0.1191,0.0538,12,0.75,12,1,syn_20260831_000815,2026-08-17,2026-08-30,1
7,166.97,6.59,0.0851,0.1058,0.15,0.1762,0.1291,14,0.7092,11,0,syn_20260831_000816,2026-08-17,2026-08-30,1
1,24.66,2.6,0.0,0.0,0.0,0.0418,0.0362,2,0.1143,10,8,syn_20260831_000817,2026-08-17,2026-08-30,1
4,172.71,5.99,0.2238,0.3057,0.0119,0.115,0.0,9,0.8272,9,3,syn_20260831_000818,2026-08-17,2026-08-30,1
6,146.84,7.12,0.1333,0.1125,0.1696,0.1073,0.125,11,0.5714,12,3,syn_20260831_000819,2026-08-17,2026-08-30,1
4,180.0,5.1,0.2885,0.2742,0.0095,0.05,0.0437,14,0.7231,14,2,syn_20260831_000820,2026-08-17,2026-08-30,1
3,299.54,3.48,0.0826,0.0,0.0392,0.1392,0.2073,9,0.3773,4,0,syn_20260831_000821,2026-08-17,2026-08-30,1
1,40.0,2.86,0.0,0.0,0.0,0.0082,0.0297,3,0.1666,4,2,syn_20260831_000822,2026-08-17,2026-08-30,1
5,137.49,7.18,0.1777,0.1768,0.0,0.1144,0.0902,11,0.6626,14,3,syn_20260831_000823,2026-08-17,2026-08-30,1
5,134.35,5.08,0.35,0.2819,0.0361,0.1337,0.0849,13,0.6368,6,3,syn_20260831_000824,2026-08-17,2026-08-30,1
6,160.88,5.0,0.05,0.1376,0.3,0.1731,0.1392,18,0.5426,11,1,syn_20260831_000825,2026-08-17,2026-08-30,1
4,172.44,5.42,0.3316,0.2083,0.0169,0.1112,0.0675,11,0.775,3,3,syn_20260831_000826,2026-08-17,2026-08-30,1
6,128.98,6.86,0.0753,0.0503,0.195,0.193,0.1175,19,0.6168,8,1,syn_20260831_000827,2026-08-17,2026-08-30,1
7,211.06,9.6,0.1492,0.1154,0.2174,0.1439,0.1362,14,0.6925,8,2,syn_20260831_000828,2026-08-17,2026-08-30,1
1,5.99,2.98,0.0,0.0,0.0,0.0057,0.0286,2,0.0333,9,4,syn_20260831_000829,2026-08-17,2026-08-30,1
4,60.0,6.19,0.2935,0.2425,0.0408,0.1172,0.097,10,0.6316,4,0,syn_20260831_000830,2026-08-17,2026-08-30,1
6,147.2,8.0,0.2889,0.3052,0.0471,0.0539,0.0694,10,0.7176,9,4,syn_20260831_000831,2026-08-17,2026-08-30,1
1,26.41,2.61,0.0,0.0,0.0,0.0394,0.0204,3,0.0944,9,0,syn_20260831_000832,2026-08-17,2026-08-30,1
6,121.09,7.58,0.1761,0.35,0.0487,0.1036,0.0084,10,0.6329,11,2,syn_20260831_000833,2026-08-17,2026-08-30,1
8,215.31,6.82,0.0893,0.075,0.1898,0.1421,0.135,18,0.6613,12,1,syn_20260831_000834,2026-08-17,2026-08-30,1
4,120.04,6.23,0.0852,0.1335,0.258,0.1489,0.0905,14,0.6853,8,1,syn_20260831_000835,2026-08-17,2026-08-30,1
2,160.18,3.66,0.0668,0.05,0.0415,0.1759,0.2949,7,0.3556,5,3,syn_20260831_000836,2026-08-17,2026-08-30,1
2,300.0,4.53,0.041,0.0179,0.0025,0.2215,0.3,9,0.4591,10,1,syn_20260831_000837,2026-08-17,2026-08-30,1
7,209.98,6.9,0.1396,0.0832,0.1611,0.1,0.1394,19,0.5763,9,1,syn_20260831_000838,2026-08-17,2026-08-30,1
2,46.26,3.63,0.015,0.0046,0.0306,0.1,0.0015,2,0.0732,9,6,syn_20260831_000839,2026-08-17,2026-08-30,1
6,60.0,4.35,0.3118,0.1765,0.0226,0.0925,0.0458,13,0.6303,9,2,syn_20260831_000840,2026-08-17,2026-08-30,1
4,85.72,4.8,0.2372,0.2462,0.0154,0.0924,0.1,15,0.7596,9,1,syn_20260831_000841,2026-08-17,2026-08-30,1
3,60.0,5.56,0.1822,0.3359,0.0355,0.0969,0.1,13,0.6013,9,1,syn_20260831_000842,2026-08-17,2026-08-30,1
5,180.0,5.47,0.2558,0.301,0.0279,0.1105,0.0993,8,0.6112,4,2,syn_20260831_000843,2026-08-17,2026-08-30,1
6,107.04,7.55,0.05,0.09,0.1876,0.168,0.0845,16,0.6016,5,0,syn_20260831_000844,2026-08-17,2026-08-30,1
1,5.0,2.14,0.0,0.0,0.0,0.0352,0.0462,2,0.0113,11,3,syn_20260831_000845,2026-08-17,2026-08-30,1
4,85.32,6.5,0.1506,0.3166,0.0141,0.15,0.0,9,0.731,5,3,syn_20260831_000846,2026-08-17,2026-08-30,1
3,221.3,5.29,0.0003,0.0037,0.0218,0.2134,0.2259,9,0.5884,11,2,syn_20260831_000847,2026-08-17,2026-08-30,1
3,94.16,6.25,0.2709,0.1793,0.022,0.1475,0.0425,14,0.7146,13,2,syn_20260831_000848,2026-08-17,2026-08-30,1
4,167.62,5.45,0.0655,0.0143,0.05,0.2227,0.2335,10,0.5003,11,1,syn_20260831_000849,2026-08-17,2026-08-30,1
3,245.47,3.46,0.0289,0.0356,0.0331,0.2388,0.2971,5,0.557,9,5,syn_20260831_000850,2026-08-17,2026-08-30,1
1,34.52,2.6,0.0,0.0,0.0,0.0227,0.0198,2,0.0302,7,2,syn_20260831_000851,2026-08-17,2026-08-30,1
4,119.17,5.28,0.35,0.1783,0.0198,0.1113,0.1,12,0.85,8,1,syn_20260831_000852,2026-08-17,2026-08-30,1
4,228.09,4.88,0.0943,0.0183,0.0372,0.2468,0.2739,10,0.5554,12,2,syn_20260831_000853,2026-08-17,2026-08-30,1
2,10.0,3.21,0.0262,0.0204,0.0119,0.0626,0.0301,2,0.0159,7,2,syn_20260831_000854,2026-08-17,2026-08-30,1
2,300.0,3.0,0.0672,0.0153,0.0344,0.1539,0.1694,5,0.6,8,3,syn_20260831_000855,2026-08-17,2026-08-30,1
4,240.0,6.14,0.0912,0.1118,0.1649,0.1846,0.1202,17,0.563,9,1,syn_20260831_000856,2026-08-17,2026-08-30,1
5,60.0,5.08,0.3041,0.2727,0.0303,0.0784,0.0778,12,0.6491,9,3,syn_20260831_000857,2026-08-17,2026-08-30,1
2,300.0,7.96,0.0532,0.0371,0.0523,0.1207,0.2899,11,0.6359,5,5,syn_20260831_000858,2026-08-17,2026-08-30,1
3,72.16,8.0,0.3011,0.1766,0.0389,0.1002,0.0556,15,0.7709,9,2,syn_20260831_000859,2026-08-17,2026-08-30,1
4,60.0,5.25,0.1845,0.1831,0.0471,0.0899,0.0673,10,0.6843,14,4,syn_20260831_000860,2026-08-17,2026-08-30,1
7,124.3,6.01,0.1345,0.1232,0.2738,0.2,0.1007,16,0.6213,7,1,syn_20260831_000861,2026-08-17,2026-08-30,1
5,84.52,6.54,0.2377,0.1957,0.0127,0.118,0.1,8,0.7111,4,1,syn_20260831_000862,2026-08-17,2026-08-30,1
2,156.89,5.38,0.0908,0.0298,0.0389,0.1234,0.2686,6,0.3265,10,0,syn_20260831_000863,2026-08-17,2026-08-30,1
3,120.0,3.16,0.0938,0.0009,0.0496,0.1928,0.2156,9,0.4677,13,1,syn_20260831_000864,2026-08-17,2026-08-30,1
3,246.69,5.47,0.0989,0.0394,0.0475,0.1781,0.2444,5,0.5699,8,2,syn_20260831_000865,2026-08-17,2026-08-30,1
2,159.3,3.49,0.1,0.0162,0.0109,0.2006,0.2821,6,0.306,9,0,syn_20260831_000866,2026-08-17,2026-08-30,1
1,31.65,2.51,0.0,0.0,0.0,0.0256,0.034,3,0.1656,10,0,syn_20260831_000867,2026-08-17,2026-08-30,1
4,264.77,5.24,0.0222,0.0185,0.0045,0.1308,0.2076,6,0.7,10,5,syn_20260831_000868,2026-08-17,2026-08-30,1
5,138.37,4.65,0.1984,0.3157,0.0356,0.0542,0.0382,13,0.7754,11,0,syn_20260831_000869,2026-08-17,2026-08-30,1
8,143.54,7.12,0.0738,0.0516,0.1756,0.1413,0.0697,18,0.5768,10,1,syn_20260831_000870,2026-08-17,2026-08-30,1
2,49.99,2.17,0.0434,0.0494,0.0256,0.0675,0.0,4,0.1682,2,0,syn_20260831_000871,2026-08-17,2026-08-30,1
6,203.16,8.61,0.1168,0.0628,0.2014,0.1797,0.0926,16,0.6838,13,2,syn_20260831_000872,2026-08-17,2026-08-30,1
7,227.36,6.67,0.1248,0.1009,0.287,0.198,0.1188,18,0.7242,9,1,syn_20260831_000873,2026-08-17,2026-08-30,1
1,13.84,2.49,0.0,0.0,0.0,0.0128,0.0225,2,0.142,9,2,syn_20260831_000874,2026-08-17,2026-08-30,1
3,80.34,5.26,0.3206,0.1869,0.0061,0.0505,0.0779,14,0.673,4,4,syn_20260831_000875,2026-08-17,2026-08-30,1
2,58.12,4.0,0.0393,0.0319,0.0041,0.0639,0.0354,4,0.069,9,3,syn_20260831_000876,2026-08-17,2026-08-30,1
2,236.96,5.34,0.0311,0.0124,0.0114,0.1962,0.3,7,0.4964,11,3,syn_20260831_000877,2026-08-17,2026-08-30,1
4,119.79,9.22,0.1358,0.0567,0.2163,0.163,0.1039,12,0.5566,8,1,syn_20260831_000878,2026-08-17,2026-08-30,1
3,179.52,6.33,0.2408,0.3022,0.0461,0.1053,0.0768,14,0.6802,9,2,syn_20260831_000879,2026-08-17,2026-08-30,1
5,90.0,9.27,0.0713,0.0906,0.2697,0.1866,0.0635,17,0.6006,9,3,syn_20260831_000880,2026-08-17,2026-08-30,1
1,31.21,2.64,0.0,0.0,0.0,0.0439,0.0245,2,0.122,12,9,syn_20260831_000881,2026-08-17,2026-08-30,1
1,39.94,2.81,0.0,0.0,0.0,0.0291,0.0153,3,0.1978,13,3,syn_20260831_000882,2026-08-17,2026-08-30,1
6,154.91,7.19,0.3445,0.1753,0.0325,0.0873,0.0704,9,0.6091,6,2,syn_20260831_000883,2026-08-17,2026-08-30,1
7,120.77,7.43,0.1347,0.1076,0.1751,0.1556,0.1053,14,0.7217,9,1,syn_20260831_000884,2026-08-17,2026-08-30,1
3,289.14,7.45,0.0433,0.024,0.0017,0.1324,0.1872,7,0.6267,5,3,syn_20260831_000885,2026-08-17,2026-08-30,1
5,64.23,7.23,0.336,0.1615,0.0329,0.065,0.0245,11,0.7919,9,4,syn_20260831_000886,2026-08-17,2026-08-30,1
6,105.14,5.62,0.3398,0.2268,0.05,0.1037,0.0613,12,0.7103,8,2,syn_20260831_000887,2026-08-17,2026-08-30,1
6,223.91,5.93,0.1418,0.0675,0.2148,0.1296,0.1129,20,0.5167,5,3,syn_20260831_000888,2026-08-17,2026-08-30,1
4,98.82,4.84,0.2749,0.3067,0.0399,0.1156,0.0213,12,0.6752,11,1,syn_20260831_000889,2026-08-17,2026-08-30,1
3,254.09,6.24,0.0267,0.0332,0.0774,0.1971,0.2797,7,0.4223,9,2,syn_20260831_000890,2026-08-17,2026-08-30,1
5,111.53,8.76,0.1176,0.0527,0.2387,0.1268,0.0783,12,0.6354,11,2,syn_20260831_000891,2026-08-17,2026-08-30,1
5,140.2,8.0,0.2232,0.3137,0.0332,0.1195,0.0336,13,0.7697,9,0,syn_20260831_000892,2026-08-17,2026-08-30,1
5,90.0,9.93,0.1051,0.1427,0.2746,0.195,0.1141,11,0.6153,9,2,syn_20260831_000893,2026-08-17,2026-08-30,1
5,163.75,8.34,0.0982,0.1175,0.3,0.1874,0.1352,19,0.5736,10,2,syn_20260831_000894,2026-08-17,2026-08-30,1
7,224.21,5.38,0.05,0.05,0.2859,0.1698,0.0993,15,0.6548,9,1,syn_20260831_000895,2026-08-17,2026-08-30,1
1,27.01,2.48,0.0,0.0,0.0,0.0063,0.0431,2,0.0237,3,2,syn_20260831_000896,2026-08-17,2026-08-30,1
1,7.56,2.79,0.0,0.0,0.0,0.0255,0.0459,2,0.1645,5,0,syn_20260831_000897,2026-08-17,2026-08-30,1
3,300.0,4.85,0.0589,0.0215,0.0282,0.1128,0.2182,7,0.5958,11,5,syn_20260831_000898,2026-08-17,2026-08-30,1
7,240.0,7.83,0.0828,0.0578,0.2026,0.1528,0.0626,15,0.6296,5,1,syn_20260831_000899,2026-08-17,2026-08-30,1
4,71.0,7.63,0.2303,0.3023,0.0064,0.101,0.0849,9,0.6449,12,4,syn_20260831_000900,2026-08-17,2026-08-30,1
2,120.0,4.1,0.0787,0.007,0.0458,0.1201,0.2174,8,0.6,9,3,syn_20260831_000901,2026-08-17,2026-08-30,1
1,14.0,2.51,0.0,0.0,0.0,0.0157,0.0005,2,0.1212,8,1,syn_20260831_000902,2026-08-17,2026-08-30,1
5,225.17,5.79,0.1042,0.0849,0.2535,0.1619,0.0531,14,0.6343,10,2,syn_20260831_000903,2026-08-17,2026-08-30,1
1,23.48,2.65,0.0,0.0,0.0,0.0175,0.0236,2,0.1554,1,0,syn_20260831_000904,2026-08-17,2026-08-30,1
5,180.0,5.03,0.2427,0.2318,0.0122,0.1427,0.0473,13,0.6857,13,1,syn_20260831_000905,2026-08-17,2026-08-30,1
5,77.35,6.56,0.2869,0.207,0.0,0.1141,0.0782,13,0.7539,4,3,syn_20260831_000906,2026-08-17,2026-08-30,1
6,198.04,8.48,0.122,0.1238,0.237,0.1164,0.1495,16,0.7055,9,2,syn_20260831_000907,2026-08-17,2026-08-30,1
4,160.89,5.47,0.2898,0.3141,0.0264,0.1141,0.0207,11,0.6031,9,1,syn_20260831_000908,2026-08-17,2026-08-30,1
7,106.51,7.07,0.1173,0.15,0.2118,0.185,0.0809,12,0.5403,11,2,syn_20260831_000909,2026-08-17,2026-08-30,1
1,24.82,2.75,0.0,0.0,0.0,0.0,0.0114,3,0.0,9,1,syn_20260831_000910,2026-08-17,2026-08-30,1
5,90.0,8.17,0.0884,0.056,0.2343,0.1907,0.0673,13,0.569,11,0,syn_20260831_000911,2026-08-17,2026-08-30,1
5,112.67,6.9,0.2906,0.267,0.009,0.1023,0.0007,13,0.6,5,3,syn_20260831_000912,2026-08-17,2026-08-30,1
4,200.71,6.0,0.0041,0.0463,0.0253,0.2203,0.2483,9,0.3549,14,1,syn_20260831_000913,2026-08-17,2026-08-30,1
4,168.58,7.26,0.1604,0.23,0.0124,0.1244,0.0896,11,0.7407,5,4,syn_20260831_000914,2026-08-17,2026-08-30,1
2,144.4,4.1,0.0754,0.0329,0.0923,0.1545,0.165,8,0.5998,3,2,syn_20260831_000915,2026-08-17,2026-08-30,1
4,278.42,5.37,0.0904,0.0448,0.0475,0.1981,0.2527,8,0.5628,9,2,syn_20260831_000916,2026-08-17,2026-08-30,1
2,300.0,4.68,0.0866,0.0282,0.043,0.195,0.226,9,0.3589,9,2,syn_20260831_000917,2026-08-17,2026-08-30,1
3,224.29,3.17,0.082,0.0084,0.0012,0.2183,0.2978,6,0.4916,11,0,syn_20260831_000918,2026-08-17,2026-08-30,1
1,9.55,2.78,0.0,0.0,0.0,0.0421,0.0,3,0.2,10,2,syn_20260831_000919,2026-08-17,2026-08-30,1
5,94.09,4.74,0.3118,0.2382,0.0063,0.1014,0.0118,9,0.6369,14,1,syn_20260831_000920,2026-08-17,2026-08-30,1
4,300.0,3.23,0.0907,0.0,0.0149,0.2294,0.281,6,0.5098,6,4,syn_20260831_000921,2026-08-17,2026-08-30,1
5,78.44,7.13,0.15,0.1969,0.045,0.0855,0.0921,9,0.7749,9,3,syn_20260831_000922,2026-08-17,2026-08-30,1
4,174.52,9.18,0.1096,0.0867,0.2877,0.1681,0.1013,13,0.7497,9,2,syn_20260831_000923,2026-08-17,2026-08-30,1
6,96.81,6.46,0.3292,0.1827,0.0091,0.1095,0.0269,11,0.8362,7,1,syn_20260831_000924,2026-08-17,2026-08-30,1
4,180.7,6.65,0.06,0.0768,0.1766,0.1851,0.1044,10,0.6179,9,0,syn_20260831_000925,2026-08-17,2026-08-30,1
3,74.13,4.99,0.2655,0.2422,0.034,0.109,0.0216,10,0.7244,3,3,syn_20260831_000926,2026-08-17,2026-08-30,1
2,258.41,4.3,0.0835,0.0373,0.0056,0.1989,0.3,7,0.4961,14,1,syn_20260831_000927,2026-08-17,2026-08-30,1
4,92.79,5.2,0.2865,0.2304,0.0261,0.0751,0.0,8,0.6601,9,2,syn_20260831_000928,2026-08-17,2026-08-30,1
1,36.22,2.77,0.022,0.0185,0.0036,0.0876,0.0198,3,0.2861,13,3,syn_20260831_000929,2026-08-17,2026-08-30,1
4,79.82,6.13,0.2036,0.3443,0.0284,0.0937,0.0616,14,0.8099,5,2,syn_20260831_000930,2026-08-17,2026-08-30,1
6,154.95,5.98,0.2826,0.1747,0.014,0.1211,0.0656,11,0.624,9,0,syn_20260831_000931,2026-08-17,2026-08-30,1
2,39.65,2.57,0.0215,0.0468,0.0173,0.0539,0.0315,4,0.2191,9,2,syn_20260831_000932,2026-08-17,2026-08-30,1
3,157.82,3.32,0.077,0.033,0.05,0.2122,0.15,8,0.3424,12,1,syn_20260831_000933,2026-08-17,2026-08-30,1
2,16.77,4.0,0.048,0.0105,0.023,0.0125,0.0089,4,0.2542,3,2,syn_20260831_000934,2026-08-17,2026-08-30,1
5,112.16,6.43,0.3416,0.2912,0.0464,0.1234,0.0771,14,0.6361,11,4,syn_20260831_000935,2026-08-17,2026-08-30,1
6,126.48,4.91,0.3222,0.169,0.0022,0.0685,0.0,9,0.7125,6,3,syn_20260831_000936,2026-08-17,2026-08-30,1
2,174.05,7.16,0.0603,0.0148,0.0657,0.1872,0.2961,8,0.6304,8,4,syn_20260831_000937,2026-08-17,2026-08-30,1
7,228.41,8.23,0.1193,0.0899,0.2938,0.1838,0.1186,14,0.6158,11,1,syn_20260831_000938,2026-08-17,2026-08-30,1
6,219.57,5.9,0.0914,0.1344,0.271,0.1272,0.1191,15,0.7284,11,1,syn_20260831_000939,2026-08-17,2026-08-30,1
2,17.84,2.18,0.0243,0.0186,0.0,0.0,0.0203,2,0.1467,5,2,syn_20260831_000940,2026-08-17,2026-08-30,1
3,120.16,5.4,0.2556,0.207,0.0199,0.1407,0.0247,13,0.85,9,0,syn_20260831_000941,2026-08-17,2026-08-30,1
7,90.0,5.0,0.0945,0.0878,0.1948,0.1675,0.0723,18,0.5783,9,3,syn_20260831_000942,2026-08-17,2026-08-30,1
7,183.03,8.0,0.0638,0.0726,0.2636,0.1679,0.0913,15,0.5948,9,0,syn_20260831_000943,2026-08-17,2026-08-30,1
5,168.95,4.6,0.2894,0.2134,0.0286,0.1171,0.0434,11,0.7291,3,2,syn_20260831_000944,2026-08-17,2026-08-30,1
6,74.78,4.54,0.184,0.35,0.023,0.101,0.0781,13,0.6594,12,3,syn_20260831_000945,2026-08-17,2026-08-30,1
5,137.12,6.16,0.2458,0.2618,0.0439,0.128,0.0933,8,0.6103,9,4,syn_20260831_000946,2026-08-17,2026-08-30,1
4,187.08,8.24,0.1298,0.0772,0.1791,0.118,0.0643,14,0.6299,11,1,syn_20260831_000947,2026-08-17,2026-08-30,1
4,266.76,5.37,0.0237,0.0069,0.0307,0.166,0.2503,7,0.3355,8,0,syn_20260831_000948,2026-08-17,2026-08-30,1
5,202.19,8.2,0.1012,0.1169,0.225,0.2,0.1166,13,0.6289,8,2,syn_20260831_000949,2026-08-17,2026-08-30,1
6,178.89,6.51,0.3224,0.2935,0.0154,0.099,0.0821,13,0.6,9,2,syn_20260831_000950,2026-08-17,2026-08-30,1
1,40.0,2.17,0.0,0.0,0.0,0.0272,0.0077,2,0.0964,9,5,syn_20260831_000951,2026-08-17,2026-08-30,1
4,273.98,3.87,0.0188,0.0,0.0296,0.1753,0.2617,7,0.4233,11,3,syn_20260831_000952,2026-08-17,2026-08-30,1
3,207.39,4.0,0.0922,0.0387,0.0171,0.178,0.15,12,0.5523,4,1,syn_20260831_000953,2026-08-17,2026-08-30,1
2,27.56,2.0,0.0499,0.0,0.0387,0.003,0.0141,3,0.2863,9,3,syn_20260831_000954,2026-08-17,2026-08-30,1
3,120.0,6.0,0.0672,0.0113,0.0325,0.2167,0.1843,7,0.5405,7,0,syn_20260831_000955,2026-08-17,2026-08-30,1
3,66.35,6.96,0.2556,0.2897,0.0049,0.1356,0.0951,15,0.7452,3,1,syn_20260831_000956,2026-08-17,2026-08-30,1
5,61.54,6.4,0.2036,0.1806,0.0075,0.0853,0.0635,9,0.7395,11,0,syn_20260831_000957,2026-08-17,2026-08-30,1
4,107.28,5.16,0.3178,0.2764,0.0,0.1497,0.0814,15,0.6465,6,3,syn_20260831_000958,2026-08-17,2026-08-30,1
4,180.0,7.56,0.2627,0.2454,0.0396,0.1199,0.0119,15,0.8136,3,3,syn_20260831_000959,2026-08-17,2026-08-30,1
3,161.38,4.66,0.0751,0.0391,0.0,0.1626,0.2946,7,0.5778,11,5,syn_20260831_000960,2026-08-17,2026-08-30,1
5,78.82,6.33,0.3162,0.2888,0.0301,0.1354,0.089,11,0.7031,11,1,syn_20260831_000961,2026-08-17,2026-08-30,1
1,11.49,2.1,0.0,0.0,0.0,0.0025,0.0005,2,0.071,2,0,syn_20260831_000962,2026-08-17,2026-08-30,1
2,58.15,3.35,0.0481,0.008,0.0311,0.0,0.0132,2,0.3482,13,6,syn_20260831_000963,2026-08-17,2026-08-30,1
7,209.01,7.08,0.0716,0.1411,0.1872,0.1082,0.091,17,0.729,7,1,syn_20260831_000964,2026-08-17,2026-08-30,1
1,9.17,2.83,0.0,0.0,0.0,0.0045,0.0326,2,0.1478,12,0,syn_20260831_000965,2026-08-17,2026-08-30,1
3,287.05,4.53,0.0342,0.0278,0.0351,0.163,0.2279,5,0.4644,9,3,syn_20260831_000966,2026-08-17,2026-08-30,1
6,100.56,6.67,0.0625,0.1296,0.1567,0.1193,0.118,20,0.541,12,3,syn_20260831_000967,2026-08-17,2026-08-30,1
3,289.5,5.17,0.0805,0.0442,0.0197,0.1841,0.2188,8,0.5,8,2,syn_20260831_000968,2026-08-17,2026-08-30,1
4,106.05,6.68,0.1639,0.3032,0.0125,0.1154,0.0478,10,0.646,8,1,syn_20260831_000969,2026-08-17,2026-08-30,1
7,225.34,5.0,0.0771,0.0942,0.1626,0.1713,0.0867,13,0.5963,11,0,syn_20260831_000970,2026-08-17,2026-08-30,1
1,19.58,2.47,0.0,0.0,0.0,0.0271,0.05,2,0.2,13,6,syn_20260831_000971,2026-08-17,2026-08-30,1
3,293.22,4.64,0.0434,0.0059,0.0399,0.249,0.3,6,0.3217,9,3,syn_20260831_000972,2026-08-17,2026-08-30,1
4,153.91,7.67,0.2271,0.15,0.0042,0.05,0.0,9,0.7787,7,1,syn_20260831_000973,2026-08-17,2026-08-30,1
8,214.84,8.12,0.1226,0.0824,0.2191,0.1357,0.134,15,0.7381,6,2,syn_20260831_000974,2026-08-17,2026-08-30,1
2,281.55,5.7,0.0296,0.04,0.0162,0.1832,0.2789,6,0.4621,14,4,syn_20260831_000975,2026-08-17,2026-08-30,1
4,170.13,6.99,0.1036,0.1081,0.2014,0.104,0.1059,12,0.75,6,3,syn_20260831_000976,2026-08-17,2026-08-30,1
1,12.77,2.99,0.0,0.0,0.0,0.0416,0.0499,2,0.1855,9,4,syn_20260831_000977,2026-08-17,2026-08-30,1
6,107.19,7.67,0.05,0.05,0.1539,0.1253,0.1353,15,0.6422,14,0,syn_20260831_000978,2026-08-17,2026-08-30,1
3,74.87,6.23,0.3117,0.2922,0.0093,0.1188,0.0001,14,0.7366,9,3,syn_20260831_000979,2026-08-17,2026-08-30,1
4,65.16,7.57,0.2273,0.2649,0.0271,0.1031,0.0749,11,0.7988,6,0,syn_20260831_000980,2026-08-17,2026-08-30,1
4,178.83,5.73,0.268,0.2869,0.0268,0.0745,0.0887,9,0.8048,12,0,syn_20260831_000981,2026-08-17,2026-08-30,1
1,37.31,2.44,0.0471,0.0394,0.0384,0.062,0.0337,2,0.0351,7,2,syn_20260831_000982,2026-08-17,2026-08-30,1
5,85.41,6.61,0.1505,0.2262,0.0155,0.0846,0.0026,9,0.752,10,0,syn_20260831_000983,2026-08-17,2026-08-30,1
3,154.02,5.6,0.2004,0.2558,0.0384,0.1487,0.0368,8,0.6294,6,1,syn_20260831_000984,2026-08-17,2026-08-30,1
3,287.93,3.9,0.0115,0.0242,0.0378,0.1,0.2056,8,0.4507,10,5,syn_20260831_000985,2026-08-17,2026-08-30,1
5,180.29,8.98,0.078,0.0761,0.1794,0.1052,0.1123,16,0.7281,9,0,syn_20260831_000986,2026-08-17,2026-08-30,1
4,123.03,7.94,0.219,0.2486,0.0084,0.0587,0.0323,12,0.7748,3,2,syn_20260831_000987,2026-08-17,2026-08-30,1
6,137.32,6.97,0.0864,0.0723,0.1783,0.1312,0.1273,14,0.5407,8,2,syn_20260831_000988,2026-08-17,2026-08-30,1
3,157.67,4.74,0.0866,0.0397,0.0117,0.1075,0.3,5,0.4688,10,1,syn_20260831_000989,2026-08-17,2026-08-30,1
1,15.31,3.0,0.0,0.0,0.0,0.0133,0.0198,2,0.105,10,6,syn_20260831_000990,2026-08-17,2026-08-30,1
6,123.96,5.78,0.0862,0.05,0.2028,0.1543,0.0601,13,0.5186,9,2,syn_20260831_000991,2026-08-17,2026-08-30,1
7,107.49,9.72,0.0667,0.1098,0.2043,0.135,0.1027,16,0.5841,9,3,syn_20260831_000992,2026-08-17,2026-08-30,1
5,159.72,4.84,0.1938,0.2848,0.0286,0.0926,0.0341,10,0.8299,9,1,syn_20260831_000993,2026-08-17,2026-08-30,1
8,238.49,8.63,0.1173,0.1032,0.1923,0.1682,0.0796,17,0.7043,10,0,syn_20260831_000994,2026-08-17,2026-08-30,1
3,190.6,4.53,0.1,0.0262,0.0078,0.1582,0.1839,9,0.5313,14,4,syn_20260831_000995,2026-08-17,2026-08-30,1
3,111.13,6.2,0.3251,0.3007,0.0263,0.1102,0.0718,10,0.6132,7,4,syn_20260831_000996,2026-08-17,2026-08-30,1
4,73.6,6.95,0.3212,0.3384,0.0187,0.1432,0.1,11,0.7359,9,1,syn_20260831_000997,2026-08-17,2026-08-30,1
1,50.41,2.28,0.0038,0.0229,0.0248,0.0,0.037,2,0.0844,8,3,syn_20260831_000998,2026-08-17,2026-08-30,1
5,60.64,5.83,0.296,0.2093,0.0415,0.1159,0.0234,14,0.6761,14,0,syn_20260831_000999,2026-08-17,2026-08-30,1
4,188.11,5.04,0.0541,0.0417,0.0213,0.2095,0.1875,6,0.5465,12,5,syn_20260831_001000,2026-08-17,2026-08-30,1
5,136.19,6.7,0.05,0.0704,0.1915,0.1654,0.1249,17,0.5416,9,1,syn_20260831_001001,2026-08-17,2026-08-30,1
5,104.67,4.32,0.1949,0.35,0.0404,0.1411,0.093,11,0.8171,8,1,syn_20260831_001002,2026-08-17,2026-08-30,1
7,227.65,5.59,0.1198,0.086,0.2926,0.1753,0.0827,18,0.6053,6,1,syn_20260831_001003,2026-08-17,2026-08-30,1
5,60.0,4.59,0.3253,0.2444,0.0269,0.0833,0.0792,14,0.6831,11,3,syn_20260831_001004,2026-08-17,2026-08-30,1
1,34.52,2.87,0.0,0.0,0.0,0.019,0.05,3,0.0544,9,5,syn_20260831_001005,2026-08-17,2026-08-30,1
5,177.57,6.25,0.0634,0.05,0.2124,0.1958,0.0834,18,0.6134,13,2,syn_20260831_001006,2026-08-17,2026-08-30,1
8,112.7,9.2,0.092,0.125,0.1738,0.1547,0.0972,14,0.6931,13,3,syn_20260831_001007,2026-08-17,2026-08-30,1
6,69.71,5.44,0.201,0.15,0.0316,0.0926,0.0691,15,0.6866,6,4,syn_20260831_001008,2026-08-17,2026-08-30,1
6,74.08,5.56,0.3194,0.3455,0.0307,0.0704,0.0616,14,0.7511,7,2,syn_20260831_001009,2026-08-17,2026-08-30,1
5,180.0,5.25,0.2229,0.2259,0.0305,0.05,0.0368,10,0.7833,14,1,syn_20260831_001010,2026-08-17,2026-08-30,1
3,180.0,6.21,0.2665,0.1971,0.019,0.15,0.0417,14,0.6554,9,3,syn_20260831_001011,2026-08-17,2026-08-30,1
5,117.47,4.62,0.1649,0.2284,0.0039,0.1004,0.0059,14,0.7722,3,2,syn_20260831_001012,2026-08-17,2026-08-30,1
5,103.59,4.85,0.3199,0.2093,0.0293,0.05,0.1,11,0.7264,6,4,syn_20260831_001013,2026-08-17,2026-08-30,1
5,154.73,5.31,0.2252,0.1663,0.0123,0.1208,0.0629,11,0.6731,4,1,syn_20260831_001014,2026-08-17,2026-08-30,1
1,47.9,3.68,0.0227,0.0069,0.0126,0.0286,0.0463,3,0.1774,14,1,syn_20260831_001015,2026-08-17,2026-08-30,1
4,165.28,4.33,0.0383,0.0407,0.032,0.1283,0.2008,9,0.555,9,7,syn_20260831_001016,2026-08-17,2026-08-30,1
4,123.96,3.58,0.0513,0.0275,0.0376,0.1815,0.1838,6,0.4104,12,3,syn_20260831_001017,2026-08-17,2026-08-30,1
5,155.16,4.0,0.2877,0.35,0.0342,0.0712,0.0417,11,0.7357,10,4,syn_20260831_001018,2026-08-17,2026-08-30,1
1,7.84,2.32,0.0,0.0,0.0,0.0079,0.0078,2,0.104,13,1,syn_20260831_001019,2026-08-17,2026-08-30,1
4,78.06,5.29,0.3248,0.3427,0.0234,0.1364,0.0337,10,0.6844,13,2,syn_20260831_001020,2026-08-17,2026-08-30,1
8,97.92,5.0,0.0911,0.0532,0.2017,0.1482,0.0755,18,0.5486,10,1,syn_20260831_001021,2026-08-17,2026-08-30,1
6,147.53,7.37,0.2103,0.2852,0.05,0.1261,0.0748,11,0.6692,9,4,syn_20260831_001022,2026-08-17,2026-08-30,1
6,177.13,7.33,0.1805,0.2889,0.012,0.0559,0.0856,13,0.8031,9,1,syn_20260831_001023,2026-08-17,2026-08-30,1
7,98.14,9.17,0.1207,0.1182,0.2222,0.17,0.0855,12,0.5426,12,1,syn_20260831_001024,2026-08-17,2026-08-30,1
3,162.38,3.2,0.1,0.0484,0.0039,0.136,0.2963,8,0.4162,14,1,syn_20260831_001025,2026-08-17,2026-08-30,1
6,185.45,5.02,0.125,0.0883,0.218,0.1117,0.1369,19,0.6778,7,3,syn_20260831_001026,2026-08-17,2026-08-30,1
6,156.8,6.25,0.0935,0.05,0.269,0.1487,0.0632,18,0.5236,14,1,syn_20260831_001027,2026-08-17,2026-08-30,1
3,200.07,3.59,0.0615,0.0105,0.0,0.1178,0.1612,6,0.4271,9,4,syn_20260831_001028,2026-08-17,2026-08-30,1
3,72.4,4.77,0.2291,0.2127,0.0,0.1346,0.0263,10,0.7096,9,0,syn_20260831_001029,2026-08-17,2026-08-30,1
7,171.76,9.47,0.0932,0.0596,0.2434,0.1608,0.0874,19,0.6539,9,1,syn_20260831_001030,2026-08-17,2026-08-30,1
5,231.41,8.01,0.1475,0.0984,0.2566,0.1374,0.0876,19,0.6245,7,0,syn_20260831_001031,2026-08-17,2026-08-30,1
3,73.64,4.66,0.1727,0.2228,0.0082,0.1083,0.0058,10,0.7112,8,2,syn_20260831_001032,2026-08-17,2026-08-30,1
7,97.17,6.05,0.107,0.1416,0.228,0.184,0.15,14,0.5943,9,3,syn_20260831_001033,2026-08-17,2026-08-30,1
3,150.82,6.94,0.3346,0.3013,0.0486,0.1042,0.0236,14,0.6919,4,0,syn_20260831_001034,2026-08-17,2026-08-30,1
4,180.0,5.4,0.1867,0.1578,0.028,0.1291,0.1,13,0.6388,4,0,syn_20260831_001035,2026-08-17,2026-08-30,1
1,10.0,2.67,0.0062,0.0331,0.0483,0.0822,0.0357,3,0.35,11,0,syn_20260831_001036,2026-08-17,2026-08-30,1
5,129.86,4.39,0.35,0.2005,0.0015,0.1441,0.0865,11,0.85,12,4,syn_20260831_001037,2026-08-17,2026-08-30,1
4,107.01,7.17,0.2209,0.2454,0.0306,0.1221,0.0146,14,0.8228,11,0,syn_20260831_001038,2026-08-17,2026-08-30,1
7,179.11,8.71,0.0841,0.1072,0.2384,0.134,0.05,14,0.6294,13,2,syn_20260831_001039,2026-08-17,2026-08-30,1
4,90.0,7.73,0.103,0.083,0.1747,0.1077,0.05,10,0.5578,11,2,syn_20260831_001040,2026-08-17,2026-08-30,1
3,192.4,3.31,0.0354,0.0241,0.05,0.1694,0.2128,9,0.4794,8,1,syn_20260831_001041,2026-08-17,2026-08-30,1
1,19.9,2.31,0.0,0.0,0.0,0.0406,0.0295,2,0.0,3,0,syn_20260831_001042,2026-08-17,2026-08-30,1
7,153.35,8.49,0.1459,0.0797,0.3,0.1812,0.05,16,0.6317,9,1,syn_20260831_001043,2026-08-17,2026-08-30,1
4,131.71,7.5,0.2604,0.3178,0.0472,0.1013,0.0545,8,0.6358,12,4,syn_20260831_001044,2026-08-17,2026-08-30,1
1,38.99,2.95,0.0268,0.0134,0.0329,0.0237,0.0117,3,0.038,12,6,syn_20260831_001045,2026-08-17,2026-08-30,1
4,248.51,5.77,0.0229,0.0104,0.0352,0.1285,0.2769,6,0.3761,9,5,syn_20260831_001046,2026-08-17,2026-08-30,1
3,129.66,5.76,0.0383,0.0339,0.0089,0.2013,0.2137,6,0.5844,11,1,syn_20260831_001047,2026-08-17,2026-08-30,1
8,212.26,6.91,0.0668,0.1155,0.1884,0.1133,0.1103,16,0.5671,13,0,syn_20260831_001048,2026-08-17,2026-08-30,1
1,53.19,3.1,0.05,0.0385,0.0275,0.0798,0.028,3,0.2792,1,1,syn_20260831_001049,2026-08-17,2026-08-30,1
1,10.45,2.24,0.0,0.0,0.0,0.0427,0.0303,2,0.0,10,10,syn_20260831_001050,2026-08-17,2026-08-30,1
3,270.24,3.44,0.051,0.0443,0.0105,0.2469,0.15,10,0.5852,7,1,syn_20260831_001051,2026-08-17,2026-08-30,1
1,22.99,2.47,0.0,0.0,0.0,0.05,0.0191,2,0.0081,5,1,syn_20260831_001052,2026-08-17,2026-08-30,1
3,276.08,4.0,0.0629,0.0053,0.0844,0.116,0.2268,11,0.5314,11,2,syn_20260831_001053,2026-08-17,2026-08-30,1
6,169.66,5.65,0.2674,0.2624,0.049,0.1317,0.0109,13,0.626,6,1,syn_20260831_001054,2026-08-17,2026-08-30,1
3,134.72,3.66,0.0549,0.0,0.0487,0.214,0.2247,6,0.3786,5,3,syn_20260831_001055,2026-08-17,2026-08-30,1
5,117.62,6.57,0.2616,0.3221,0.0394,0.129,0.0065,10,0.6629,4,1,syn_20260831_001056,2026-08-17,2026-08-30,1
4,293.55,4.57,0.0069,0.0409,0.0596,0.1683,0.167,7,0.4603,11,3,syn_20260831_001057,2026-08-17,2026-08-30,1
5,100.67,4.44,0.15,0.1572,0.0,0.1047,0.0805,9,0.8477,10,1,syn_20260831_001058,2026-08-17,2026-08-30,1
4,110.6,8.73,0.1019,0.1241,0.3,0.1535,0.1127,20,0.5232,12,0,syn_20260831_001059,2026-08-17,2026-08-30,1
3,252.87,8.0,0.084,0.0113,0.0783,0.1005,0.2871,7,0.5101,10,1,syn_20260831_001060,2026-08-17,2026-08-30,1
7,240.0,6.9,0.1462,0.05,0.2757,0.2,0.15,13,0.603,9,3,syn_20260831_001061,2026-08-17,2026-08-30,1
1,25.7,2.05,0.0096,0.0411,0.0434,0.094,0.0402,2,0.1953,12,7,syn_20260831_001062,2026-08-17,2026-08-30,1
4,180.0,5.05,0.1769,0.2631,0.019,0.0721,0.0166,11,0.7506,4,4,syn_20260831_001063,2026-08-17,2026-08-30,1
3,278.46,5.5,0.0323,0.0207,0.0,0.2293,0.2568,9,0.5775,9,4,syn_20260831_001064,2026-08-17,2026-08-30,1
4,132.2,4.46,0.341,0.3411,0.0308,0.0882,0.068,11,0.7958,9,3,syn_20260831_001065,2026-08-17,2026-08-30,1
1,32.36,3.0,0.0,0.0,0.0,0.008,0.0414,3,0.0741,4,0,syn_20260831_001066,2026-08-17,2026-08-30,1
5,150.78,7.45,0.05,0.1138,0.3,0.1751,0.1254,14,0.5351,14,1,syn_20260831_001067,2026-08-17,2026-08-30,1
1,21.88,2.77,0.0,0.0,0.0,0.0092,0.0197,2,0.1405,7,4,syn_20260831_001068,2026-08-17,2026-08-30,1
6,177.37,6.22,0.0582,0.1201,0.15,0.1884,0.0901,10,0.5681,8,3,syn_20260831_001069,2026-08-17,2026-08-30,1
1,20.1,2.19,0.0,0.0,0.0,0.0267,0.015,2,0.1257,1,1,syn_20260831_001070,2026-08-17,2026-08-30,1
7,119.66,8.28,0.0546,0.1138,0.2021,0.1171,0.1353,17,0.6476,6,3,syn_20260831_001071,2026-08-17,2026-08-30,1
4,80.96,5.23,0.1819,0.2238,0.0217,0.0648,0.1,13,0.7408,9,3,syn_20260831_001072,2026-08-17,2026-08-30,1
4,298.24,4.77,0.0832,0.0272,0.0244,0.1933,0.2642,9,0.4495,5,3,syn_20260831_001073,2026-08-17,2026-08-30,1
3,191.15,3.81,0.0706,0.0005,0.0,0.2177,0.2204,8,0.329,7,0,syn_20260831_001074,2026-08-17,2026-08-30,1
6,183.39,9.76,0.0681,0.0875,0.2261,0.2,0.05,17,0.75,9,0,syn_20260831_001075,2026-08-17,2026-08-30,1
1,26.59,2.3,0.0,0.0,0.0,0.0335,0.0,2,0.0234,9,1,syn_20260831_001076,2026-08-17,2026-08-30,1
7,185.57,7.43,0.1187,0.0638,0.2272,0.1499,0.0679,13,0.6999,6,1,syn_20260831_001077,2026-08-17,2026-08-30,1
5,142.72,7.19,0.0925,0.0758,0.261,0.1161,0.0846,14,0.571,6,2,syn_20260831_001078,2026-08-17,2026-08-30,1
4,207.53,3.29,0.063,0.0414,0.0077,0.1567,0.2615,6,0.4114,9,1,syn_20260831_001079,2026-08-17,2026-08-30,1
2,290.46,3.25,0.0245,0.0181,0.0134,0.1564,0.2452,6,0.3987,8,4,syn_20260831_001080,2026-08-17,2026-08-30,1
7,240.0,8.72,0.121,0.0665,0.1811,0.1236,0.0553,12,0.7235,13,0,syn_20260831_001081,2026-08-17,2026-08-30,1
4,167.46,8.55,0.1302,0.1053,0.2945,0.1472,0.0761,12,0.5643,12,1,syn_20260831_001082,2026-08-17,2026-08-30,1
4,97.78,5.0,0.056,0.0768,0.15,0.1464,0.1325,15,0.5205,12,1,syn_20260831_001083,2026-08-17,2026-08-30,1
5,129.3,5.29,0.2305,0.2368,0.0185,0.15,0.0152,12,0.6014,11,0,syn_20260831_001084,2026-08-17,2026-08-30,1
3,297.99,5.36,0.0354,0.041,0.002,0.1165,0.1947,9,0.5593,5,2,syn_20260831_001085,2026-08-17,2026-08-30,1
3,176.07,5.42,0.1992,0.2118,0.004,0.15,0.0596,12,0.7632,9,2,syn_20260831_001086,2026-08-17,2026-08-30,1
4,95.66,6.12,0.2523,0.2191,0.0219,0.0778,0.0837,9,0.85,8,0,syn_20260831_001087,2026-08-17,2026-08-30,1
5,69.6,4.12,0.2952,0.2955,0.0462,0.0924,0.0752,9,0.6,7,1,syn_20260831_001088,2026-08-17,2026-08-30,1
3,146.05,4.21,0.3085,0.3053,0.0103,0.0937,0.0357,10,0.651,12,2,syn_20260831_001089,2026-08-17,2026-08-30,1
1,7.7,2.9,0.0,0.0,0.0,0.0207,0.0189,2,0.1684,11,1,syn_20260831_001090,2026-08-17,2026-08-30,1
6,158.59,6.86,0.2577,0.3384,0.0096,0.1071,0.0812,9,0.7918,5,1,syn_20260831_001091,2026-08-17,2026-08-30,1
3,200.24,3.95,0.0748,0.02,0.0252,0.197,0.1791,6,0.5108,4,3,syn_20260831_001092,2026-08-17,2026-08-30,1
5,213.9,8.71,0.1144,0.1423,0.2538,0.1579,0.1169,16,0.6067,6,2,syn_20260831_001093,2026-08-17,2026-08-30,1
1,40.0,2.28,0.0,0.0,0.0,0.021,0.0131,2,0.1627,4,2,syn_20260831_001094,2026-08-17,2026-08-30,1
7,149.78,6.1,0.1001,0.0794,0.1708,0.1422,0.0528,12,0.6123,7,1,syn_20260831_001095,2026-08-17,2026-08-30,1
6,130.58,7.65,0.2497,0.3467,0.0103,0.1465,0.0209,10,0.7392,5,3,syn_20260831_001096,2026-08-17,2026-08-30,1
3,237.25,4.85,0.0015,0.0238,0.0839,0.1286,0.2919,6,0.5853,5,3,syn_20260831_001097,2026-08-17,2026-08-30,1
4,85.03,4.1,0.3418,0.1508,0.0027,0.0938,0.0454,14,0.6356,4,1,syn_20260831_001098,2026-08-17,2026-08-30,1
4,131.02,7.96,0.0602,0.05,0.1925,0.1666,0.1247,13,0.7147,5,3,syn_20260831_001099,2026-08-17,2026-08-30,1
1,25.55,2.59,0.0,0.0,0.0,0.0232,0.0113,2,0.1473,1,1,syn_20260831_001100,2026-08-17,2026-08-30,1
4,190.36,6.0,0.0333,0.0292,0.0282,0.1,0.1725,7,0.5459,6,1,syn_20260831_001101,2026-08-17,2026-08-30,1
4,300.0,5.89,0.0052,0.0391,0.0389,0.1966,0.2603,5,0.6,6,1,syn_20260831_001102,2026-08-17,2026-08-30,1
7,167.91,6.21,0.0762,0.0994,0.1817,0.1638,0.058,19,0.6275,13,2,syn_20260831_001103,2026-08-17,2026-08-30,1
7,172.12,9.81,0.0786,0.0922,0.2178,0.1391,0.0955,10,0.6925,9,1,syn_20260831_001104,2026-08-17,2026-08-30,1
4,145.88,5.0,0.0585,0.15,0.15,0.1822,0.0915,20,0.7078,6,0,syn_20260831_001105,2026-08-17,2026-08-30,1
1,34.21,2.59,0.0,0.0,0.0,0.0439,0.042,2,0.1139,3,2,syn_20260831_001106,2026-08-17,2026-08-30,1
6,104.82,4.0,0.3138,0.2792,0.0225,0.1368,0.0823,14,0.6381,10,2,syn_20260831_001107,2026-08-17,2026-08-30,1
4,207.8,4.23,0.0359,0.0407,0.0029,0.1748,0.2769,9,0.3933,12,4,syn_20260831_001108,2026-08-17,2026-08-30,1
3,267.77,5.76,0.0131,0.0361,0.002,0.1154,0.2094,5,0.384,9,2,syn_20260831_001109,2026-08-17,2026-08-30,1
5,87.18,6.24,0.3363,0.2574,0.0167,0.1264,0.0096,12,0.6975,4,2,syn_20260831_001110,2026-08-17,2026-08-30,1
1,25.15,2.35,0.0,0.0,0.0,0.039,0.0248,2,0.0731,11,10,syn_20260831_001111,2026-08-17,2026-08-30,1
6,169.2,9.38,0.1488,0.0845,0.2343,0.193,0.1352,13,0.5972,13,1,syn_20260831_001112,2026-08-17,2026-08-30,1
5,102.81,6.01,0.3026,0.3118,0.0,0.1075,0.0751,10,0.6274,9,2,syn_20260831_001113,2026-08-17,2026-08-30,1
8,133.8,6.6,0.0877,0.0853,0.2879,0.1273,0.1012,14,0.6867,13,1,syn_20260831_001114,2026-08-17,2026-08-30,1
3,245.94,5.27,0.0515,0.0103,0.0382,0.1089,0.2607,6,0.4867,14,1,syn_20260831_001115,2026-08-17,2026-08-30,1
8,125.74,7.21,0.1341,0.1011,0.2092,0.1135,0.0755,19,0.6899,9,2,syn_20260831_001116,2026-08-17,2026-08-30,1
2,60.0,2.0,0.0313,0.0159,0.0258,0.0825,0.0479,3,0.091,1,1,syn_20260831_001117,2026-08-17,2026-08-30,1
1,26.61,4.0,0.0474,0.0004,0.0167,0.0,0.0048,2,0.1545,12,2,syn_20260831_001118,2026-08-17,2026-08-30,1
6,104.96,8.0,0.2974,0.1708,0.0162,0.1279,0.0939,15,0.6,10,2,syn_20260831_001119,2026-08-17,2026-08-30,1
4,141.78,5.58,0.1848,0.2734,0.0205,0.05,0.0449,12,0.85,8,1,syn_20260831_001120,2026-08-17,2026-08-30,1
1,17.71,3.0,0.0,0.0,0.0,0.0184,0.0004,3,0.0345,3,2,syn_20260831_001121,2026-08-17,2026-08-30,1
5,168.49,5.48,0.3283,0.303,0.0228,0.0719,0.0486,8,0.6111,3,2,syn_20260831_001122,2026-08-17,2026-08-30,1
4,170.59,7.92,0.2507,0.35,0.0249,0.15,0.0245,11,0.7674,9,2,syn_20260831_001123,2026-08-17,2026-08-30,1
5,148.42,6.48,0.0943,0.0848,0.2581,0.1393,0.1307,16,0.6958,6,2,syn_20260831_001124,2026-08-17,2026-08-30,1
1,20.97,2.76,0.0224,0.0116,0.0219,0.0988,0.0366,2,0.285,6,3,syn_20260831_001125,2026-08-17,2026-08-30,1
5,113.61,7.29,0.3055,0.1567,0.0256,0.1094,0.0948,9,0.8485,5,3,syn_20260831_001126,2026-08-17,2026-08-30,1
6,74.54,7.55,0.3082,0.1873,0.0361,0.0937,0.0333,15,0.7442,9,3,syn_20260831_001127,2026-08-17,2026-08-30,1
5,96.66,6.16,0.2399,0.2561,0.0238,0.1474,0.0,11,0.6343,3,3,syn_20260831_001128,2026-08-17,2026-08-30,1
6,169.69,7.04,0.225,0.2108,0.046,0.05,0.0338,14,0.8327,4,0,syn_20260831_001129,2026-08-17,2026-08-30,1
6,169.79,5.37,0.3134,0.2343,0.0208,0.1034,0.0501,14,0.6,13,2,syn_20260831_001130,2026-08-17,2026-08-30,1
5,109.86,8.86,0.0821,0.116,0.1554,0.1586,0.0901,10,0.692,12,2,syn_20260831_001131,2026-08-17,2026-08-30,1
1,27.95,3.41,0.0172,0.0302,0.0435,0.0856,0.0311,3,0.112,6,3,syn_20260831_001132,2026-08-17,2026-08-30,1
5,201.44,6.33,0.1194,0.0671,0.3,0.1283,0.1019,17,0.7201,9,3,syn_20260831_001133,2026-08-17,2026-08-30,1
4,155.34,5.21,0.3047,0.3469,0.029,0.0949,0.1,14,0.6232,4,3,syn_20260831_001134,2026-08-17,2026-08-30,1
5,94.51,4.24,0.2707,0.3424,0.0417,0.1323,0.0388,15,0.7678,14,0,syn_20260831_001135,2026-08-17,2026-08-30,1
3,223.93,5.45,0.1,0.0308,0.0327,0.1531,0.2823,6,0.4964,14,4,syn_20260831_001136,2026-08-17,2026-08-30,1
3,199.05,4.78,0.0509,0.037,0.0748,0.1066,0.2845,11,0.5711,4,3,syn_20260831_001137,2026-08-17,2026-08-30,1
8,128.11,8.8,0.0795,0.1117,0.1517,0.1873,0.0929,14,0.6099,9,1,syn_20260831_001138,2026-08-17,2026-08-30,1
3,175.0,5.71,0.0149,0.0401,0.0196,0.1472,0.2077,8,0.5872,9,1,syn_20260831_001139,2026-08-17,2026-08-30,1
3,237.87,5.63,0.0859,0.0199,0.0134,0.1478,0.2798,8,0.5958,9,1,syn_20260831_001140,2026-08-17,2026-08-30,1
1,18.91,2.66,0.0,0.0,0.0,0.0099,0.0383,2,0.0589,3,1,syn_20260831_001141,2026-08-17,2026-08-30,1
4,280.72,3.0,0.0036,0.044,0.0247,0.1289,0.2521,8,0.3951,9,3,syn_20260831_001142,2026-08-17,2026-08-30,1
1,27.17,2.44,0.0,0.0,0.0,0.0345,0.0385,2,0.0219,4,3,syn_20260831_001143,2026-08-17,2026-08-30,1
1,40.0,2.45,0.0,0.0,0.0,0.04,0.0452,2,0.0096,4,1,syn_20260831_001144,2026-08-17,2026-08-30,1
3,124.3,4.18,0.0857,0.0337,0.039,0.1548,0.1872,6,0.4652,8,3,syn_20260831_001145,2026-08-17,2026-08-30,1
3,161.62,4.57,0.2576,0.2918,0.0098,0.15,0.0573,14,0.7357,9,2,syn_20260831_001146,2026-08-17,2026-08-30,1
5,217.34,9.34,0.081,0.077,0.202,0.1386,0.1155,16,0.6706,8,3,syn_20260831_001147,2026-08-17,2026-08-30,1
2,147.95,5.54,0.0269,0.0014,0.0275,0.1531,0.1611,6,0.4744,5,5,syn_20260831_001148,2026-08-17,2026-08-30,1
3,209.63,4.85,0.0337,0.0231,0.0103,0.1342,0.3,7,0.3236,9,2,syn_20260831_001149,2026-08-17,2026-08-30,1
6,166.63,9.34,0.1122,0.0549,0.2556,0.1512,0.0574,17,0.5152,6,1,syn_20260831_001150,2026-08-17,2026-08-30,1
3,203.85,5.81,0.0043,0.0061,0.023,0.1952,0.2094,5,0.3905,6,5,syn_20260831_001151,2026-08-17,2026-08-30,1
4,142.61,7.63,0.1399,0.1012,0.1518,0.1207,0.1086,14,0.5231,7,1,syn_20260831_001152,2026-08-17,2026-08-30,1
4,62.75,5.53,0.1602,0.35,0.0183,0.093,0.0008,10,0.812,10,2,syn_20260831_001153,2026-08-17,2026-08-30,1
7,210.91,5.66,0.1282,0.1102,0.2101,0.1107,0.05,16,0.6852,8,3,syn_20260831_001154,2026-08-17,2026-08-30,1
5,100.22,5.72,0.1862,0.2474,0.0315,0.0839,0.027,10,0.7924,11,2,syn_20260831_001155,2026-08-17,2026-08-30,1
7,162.04,8.96,0.1024,0.081,0.2417,0.1037,0.117,18,0.5801,13,1,syn_20260831_001156,2026-08-17,2026-08-30,1
3,180.0,5.25,0.35,0.2258,0.0055,0.0883,0.0706,11,0.7612,11,2,syn_20260831_001157,2026-08-17,2026-08-30,1
6,156.8,7.96,0.0769,0.0864,0.2194,0.1305,0.068,15,0.6564,8,2,syn_20260831_001158,2026-08-17,2026-08-30,1
6,61.09,4.97,0.15,0.3385,0.0169,0.135,0.0,12,0.8126,10,4,syn_20260831_001159,2026-08-17,2026-08-30,1
5,237.74,8.49,0.083,0.1304,0.1587,0.1212,0.1088,13,0.5413,8,2,syn_20260831_001160,2026-08-17,2026-08-30,1
6,130.42,8.0,0.2069,0.2666,0.0455,0.0928,0.0588,13,0.7091,11,3,syn_20260831_001161,2026-08-17,2026-08-30,1
5,74.36,5.73,0.2091,0.3258,0.0363,0.0933,0.0754,14,0.6989,7,3,syn_20260831_001162,2026-08-17,2026-08-30,1
4,173.15,5.11,0.0,0.0405,0.0443,0.133,0.1898,9,0.3858,10,1,syn_20260831_001163,2026-08-17,2026-08-30,1
5,153.84,7.07,0.3241,0.2857,0.0371,0.0556,0.0138,9,0.7559,13,3,syn_20260831_001164,2026-08-17,2026-08-30,1
5,139.63,7.17,0.2012,0.3195,0.0101,0.1364,0.0771,15,0.85,7,2,syn_20260831_001165,2026-08-17,2026-08-30,1
1,8.07,2.46,0.0,0.0,0.0,0.0337,0.0238,2,0.1464,7,5,syn_20260831_001166,2026-08-17,2026-08-30,1
2,264.05,7.3,0.0867,0.0078,0.013,0.1263,0.2526,8,0.4812,11,6,syn_20260831_001167,2026-08-17,2026-08-30,1
6,71.17,6.59,0.15,0.2227,0.035,0.0854,0.0512,14,0.7649,14,0,syn_20260831_001168,2026-08-17,2026-08-30,1
6,161.91,6.98,0.2583,0.185,0.0093,0.1061,0.0,14,0.7373,14,1,syn_20260831_001169,2026-08-17,2026-08-30,1
5,153.17,7.77,0.2576,0.2273,0.0407,0.1312,0.0338,13,0.7962,11,1,syn_20260831_001170,2026-08-17,2026-08-30,1
5,180.0,4.0,0.2186,0.15,0.04,0.1398,0.0719,14,0.7089,7,2,syn_20260831_001171,2026-08-17,2026-08-30,1
4,124.95,7.2,0.2879,0.1937,0.008,0.0762,0.036,11,0.6797,10,1,syn_20260831_001172,2026-08-17,2026-08-30,1
6,178.86,5.76,0.0698,0.0912,0.3,0.1701,0.1359,18,0.5587,8,1,syn_20260831_001173,2026-08-17,2026-08-30,1
1,13.09,2.12,0.0,0.0,0.0,0.0177,0.0213,2,0.0888,6,3,syn_20260831_001174,2026-08-17,2026-08-30,1
4,60.0,4.59,0.1638,0.201,0.0449,0.0949,0.0517,15,0.662,6,3,syn_20260831_001175,2026-08-17,2026-08-30,1
1,23.17,2.54,0.0,0.0,0.0,0.0343,0.0103,3,0.1644,5,1,syn_20260831_001176,2026-08-17,2026-08-30,1
8,154.62,7.54,0.15,0.0832,0.2442,0.1279,0.1002,17,0.5177,10,3,syn_20260831_001177,2026-08-17,2026-08-30,1
1,37.63,2.61,0.0,0.0,0.0,0.0361,0.0201,3,0.0594,12,4,syn_20260831_001178,2026-08-17,2026-08-30,1
1,19.6,2.11,0.0,0.0,0.0,0.011,0.05,2,0.0921,9,0,syn_20260831_001179,2026-08-17,2026-08-30,1
3,174.23,7.09,0.0197,0.0326,0.0769,0.1276,0.2984,10,0.5718,9,1,syn_20260831_001180,2026-08-17,2026-08-30,1
1,9.57,2.12,0.0,0.0,0.0,0.0408,0.0218,2,0.0409,7,2,syn_20260831_001181,2026-08-17,2026-08-30,1
6,165.42,10.0,0.0985,0.0908,0.2297,0.1,0.1228,12,0.7378,8,2,syn_20260831_001182,2026-08-17,2026-08-30,1
5,190.24,8.27,0.1001,0.0852,0.2376,0.1933,0.1491,12,0.6457,9,3,syn_20260831_001183,2026-08-17,2026-08-30,1
1,7.13,2.16,0.0,0.0,0.0,0.0115,0.0333,2,0.096,11,5,syn_20260831_001184,2026-08-17,2026-08-30,1
5,192.57,8.8,0.0676,0.0844,0.1707,0.1115,0.0933,15,0.719,9,1,syn_20260831_001185,2026-08-17,2026-08-30,1
3,180.75,5.63,0.0337,0.0183,0.0218,0.25,0.1718,10,0.5262,4,4,syn_20260831_001186,2026-08-17,2026-08-30,1
6,62.23,6.51,0.2638,0.2027,0.0084,0.1227,0.0083,14,0.6409,6,2,syn_20260831_001187,2026-08-17,2026-08-30,1
5,140.01,7.94,0.1737,0.2792,0.0378,0.0778,0.0631,11,0.7375,4,1,syn_20260831_001188,2026-08-17,2026-08-30,1
4,82.37,6.92,0.2106,0.2595,0.0331,0.1055,0.005,12,0.6898,13,0,syn_20260831_001189,2026-08-17,2026-08-30,1
1,28.02,2.41,0.0,0.0,0.0,0.0323,0.0415,2,0.1765,10,4,syn_20260831_001190,2026-08-17,2026-08-30,1
3,216.91,5.28,0.0443,0.0122,0.0169,0.2013,0.2656,6,0.362,5,1,syn_20260831_001191,2026-08-17,2026-08-30,1
4,128.53,4.95,0.0775,0.028,0.0158,0.1404,0.2132,9,0.4613,9,3,syn_20260831_001192,2026-08-17,2026-08-30,1
6,145.7,10.0,0.1141,0.1232,0.2772,0.1389,0.0767,14,0.7239,9,2,syn_20260831_001193,2026-08-17,2026-08-30,1
4,137.38,5.48,0.0832,0.0437,0.0197,0.2092,0.2993,8,0.5795,11,1,syn_20260831_001194,2026-08-17,2026-08-30,1
1,8.64,2.0,0.0,0.0,0.0,0.0238,0.0278,2,0.134,12,6,syn_20260831_001195,2026-08-17,2026-08-30,1
6,155.11,5.02,0.1639,0.258,0.0427,0.1141,0.0812,10,0.6126,14,3,syn_20260831_001196,2026-08-17,2026-08-30,1
5,195.92,7.79,0.1054,0.1185,0.2147,0.1508,0.1419,18,0.662,14,1,syn_20260831_001197,2026-08-17,2026-08-30,1
8,218.33,6.56,0.1378,0.071,0.1908,0.1472,0.109,10,0.6159,9,0,syn_20260831_001198,2026-08-17,2026-08-30,1
7,132.39,7.16,0.1312,0.0649,0.2352,0.1067,0.0641,17,0.6864,5,1,syn_20260831_001199,2026-08-17,2026-08-30,1
7,198.83,6.68,0.0918,0.094,0.2275,0.1335,0.15,16,0.5556,9,3,syn_20260831_001200,2026-08-17,2026-08-30,1
5,235.31,8.28,0.15,0.1366,0.2542,0.1337,0.0912,11,0.645,9,3,syn_20260831_001201,2026-08-17,2026-08-30,1
2,195.65,3.69,0.0,0.0111,0.0017,0.1084,0.1841,5,0.5782,13,1,syn_20260831_001202,2026-08-17,2026-08-30,1
4,160.51,3.49,0.0439,0.0,0.0177,0.1179,0.2626,8,0.3241,13,0,syn_20260831_001203,2026-08-17,2026-08-30,1
3,103.08,6.16,0.2325,0.2447,0.0175,0.1417,0.0264,9,0.6547,9,3,syn_20260831_001204,2026-08-17,2026-08-30,1
1,31.46,2.81,0.0,0.0,0.0,0.0108,0.0157,2,0.1807,6,5,syn_20260831_001205,2026-08-17,2026-08-30,1
2,53.66,3.77,0.0092,0.05,0.022,0.0727,0.013,2,0.2635,6,3,syn_20260831_001206,2026-08-17,2026-08-30,1
1,21.92,2.25,0.0,0.0,0.0,0.0294,0.0282,2,0.1144,9,0,syn_20260831_001207,2026-08-17,2026-08-30,1
3,167.67,5.0,0.0672,0.0406,0.0139,0.2225,0.1686,5,0.3249,4,1,syn_20260831_001208,2026-08-17,2026-08-30,1
6,158.69,8.09,0.1063,0.15,0.223,0.1499,0.0665,18,0.6548,14,1,syn_20260831_001209,2026-08-17,2026-08-30,1
3,160.85,4.64,0.228,0.2762,0.0358,0.0829,0.0205,14,0.7471,8,2,syn_20260831_001210,2026-08-17,2026-08-30,1
5,148.48,5.04,0.0743,0.1003,0.2304,0.1215,0.0573,10,0.5,8,1,syn_20260831_001211,2026-08-17,2026-08-30,1
3,120.0,4.14,0.0087,0.0479,0.0158,0.1348,0.152,9,0.5217,5,2,syn_20260831_001212,2026-08-17,2026-08-30,1
5,148.77,5.53,0.1643,0.2155,0.03,0.0984,0.0433,11,0.7461,4,3,syn_20260831_001213,2026-08-17,2026-08-30,1
3,103.0,4.68,0.2246,0.35,0.0202,0.0661,0.0926,10,0.6562,11,1,syn_20260831_001214,2026-08-17,2026-08-30,1
4,174.2,5.62,0.0617,0.003,0.0485,0.2128,0.2481,8,0.4329,7,3,syn_20260831_001215,2026-08-17,2026-08-30,1
5,150.1,4.97,0.3279,0.2398,0.0204,0.14,0.0383,14,0.6402,10,1,syn_20260831_001216,2026-08-17,2026-08-30,1
3,129.75,6.94,0.2198,0.2466,0.0475,0.1286,0.0984,12,0.6614,10,3,syn_20260831_001217,2026-08-17,2026-08-30,1
5,125.62,7.89,0.35,0.1962,0.0389,0.0913,0.022,11,0.7032,9,2,syn_20260831_001218,2026-08-17,2026-08-30,1
4,169.76,4.64,0.0814,0.0264,0.0248,0.25,0.2093,7,0.4182,7,3,syn_20260831_001219,2026-08-17,2026-08-30,1
3,254.0,5.35,0.0405,0.0232,0.0186,0.2149,0.1801,5,0.3,11,4,syn_20260831_001220,2026-08-17,2026-08-30,1
5,117.06,4.53,0.35,0.2578,0.0349,0.0809,0.0897,14,0.8029,3,2,syn_20260831_001221,2026-08-17,2026-08-30,1
5,96.85,5.74,0.2125,0.2931,0.032,0.1199,0.0659,11,0.6343,10,4,syn_20260831_001222,2026-08-17,2026-08-30,1
3,191.87,4.44,0.1,0.0057,0.046,0.25,0.3,7,0.5078,9,1,syn_20260831_001223,2026-08-17,2026-08-30,1
6,180.0,4.53,0.3148,0.2752,0.0338,0.0838,0.0254,11,0.7761,7,1,syn_20260831_001224,2026-08-17,2026-08-30,1
8,206.22,5.0,0.1362,0.1283,0.2498,0.1064,0.0513,13,0.7411,10,3,syn_20260831_001225,2026-08-17,2026-08-30,1
1,25.99,2.47,0.0,0.0,0.0,0.0231,0.0389,2,0.1036,9,3,syn_20260831_001226,2026-08-17,2026-08-30,1
5,80.2,5.44,0.1789,0.3025,0.0324,0.1346,0.0207,12,0.6236,9,2,syn_20260831_001227,2026-08-17,2026-08-30,1
4,190.74,7.76,0.1062,0.0882,0.2273,0.156,0.1437,16,0.7491,9,2,syn_20260831_001228,2026-08-17,2026-08-30,1
3,270.75,5.85,0.082,0.0406,0.0065,0.1616,0.2767,8,0.4653,10,0,syn_20260831_001229,2026-08-17,2026-08-30,1
6,238.74,7.64,0.1031,0.1179,0.1805,0.1685,0.0573,15,0.5556,12,2,syn_20260831_001230,2026-08-17,2026-08-30,1
4,127.91,4.0,0.2729,0.2351,0.0088,0.1379,0.0544,10,0.7367,11,2,syn_20260831_001231,2026-08-17,2026-08-30,1
5,71.03,6.37,0.1698,0.1897,0.0219,0.0973,0.0048,9,0.6888,14,2,syn_20260831_001232,2026-08-17,2026-08-30,1
1,35.0,2.6,0.0,0.0,0.0,0.0307,0.05,3,0.1582,9,2,syn_20260831_001233,2026-08-17,2026-08-30,1
2,253.72,5.83,0.0139,0.0075,0.0008,0.1585,0.1995,7,0.35,9,3,syn_20260831_001234,2026-08-17,2026-08-30,1
4,126.1,6.27,0.2722,0.2409,0.0025,0.0803,0.0813,8,0.7288,10,3,syn_20260831_001235,2026-08-17,2026-08-30,1
5,140.99,4.85,0.1595,0.2474,0.0,0.1318,0.0846,14,0.6211,9,2,syn_20260831_001236,2026-08-17,2026-08-30,1
6,99.34,7.47,0.058,0.0749,0.1872,0.2,0.0588,17,0.5147,9,1,syn_20260831_001237,2026-08-17,2026-08-30,1
1,44.55,3.22,0.0495,0.0212,0.0042,0.0593,0.0434,2,0.2459,11,4,syn_20260831_001238,2026-08-17,2026-08-30,1
3,175.74,6.78,0.2905,0.1928,0.0298,0.1225,0.0576,14,0.7649,9,3,syn_20260831_001239,2026-08-17,2026-08-30,1
5,106.97,5.96,0.0939,0.05,0.2786,0.1945,0.1235,12,0.5621,12,2,syn_20260831_001240,2026-08-17,2026-08-30,1
3,62.0,6.68,0.3462,0.311,0.0145,0.1206,0.044,15,0.7756,3,1,syn_20260831_001241,2026-08-17,2026-08-30,1
1,24.27,2.12,0.0,0.0,0.0,0.0431,0.048,2,0.1611,13,0,syn_20260831_001242,2026-08-17,2026-08-30,1
1,38.58,2.2,0.0,0.0,0.0,0.0384,0.0198,2,0.1663,4,3,syn_20260831_001243,2026-08-17,2026-08-30,1
5,94.43,4.78,0.164,0.2281,0.0038,0.0603,0.0354,15,0.7046,11,0,syn_20260831_001244,2026-08-17,2026-08-30,1
7,200.58,6.0,0.0707,0.0553,0.2163,0.146,0.1282,13,0.5877,8,1,syn_20260831_001245,2026-08-17,2026-08-30,1
1,36.82,3.0,0.0,0.0,0.0,0.0206,0.0282,3,0.0733,1,0,syn_20260831_001246,2026-08-17,2026-08-30,1
1,8.74,2.36,0.0,0.0,0.0,0.0155,0.0356,2,0.0478,10,1,syn_20260831_001247,2026-08-17,2026-08-30,1
6,92.39,4.86,0.237,0.1978,0.0235,0.1328,0.1,11,0.6,6,3,syn_20260831_001248,2026-08-17,2026-08-30,1
6,152.24,5.0,0.1344,0.1077,0.2486,0.1958,0.1111,18,0.5825,9,1,syn_20260831_001249,2026-08-17,2026-08-30,1
3,83.53,6.72,0.2405,0.1989,0.0486,0.1053,0.0458,13,0.6399,3,3,syn_20260831_001250,2026-08-17,2026-08-30,1
3,142.51,7.0,0.2737,0.35,0.0136,0.05,0.0463,15,0.6779,6,1,syn_20260831_001251,2026-08-17,2026-08-30,1
4,130.48,4.0,0.2081,0.1702,0.0094,0.1289,0.0429,10,0.85,9,1,syn_20260831_001252,2026-08-17,2026-08-30,1
7,120.14,7.29,0.1396,0.0996,0.1855,0.1698,0.0883,15,0.6003,7,3,syn_20260831_001253,2026-08-17,2026-08-30,1
1,38.46,2.02,0.0,0.0,0.0,0.0326,0.0435,2,0.1387,9,4,syn_20260831_001254,2026-08-17,2026-08-30,1
4,91.81,7.31,0.2259,0.2808,0.0266,0.0651,0.0179,13,0.6,14,0,syn_20260831_001255,2026-08-17,2026-08-30,1
4,60.0,5.24,0.2204,0.2563,0.0308,0.0845,0.0841,14,0.7027,9,4,syn_20260831_001256,2026-08-17,2026-08-30,1
7,100.21,6.59,0.133,0.0933,0.2397,0.1809,0.0532,15,0.6877,8,1,syn_20260831_001257,2026-08-17,2026-08-30,1
1,33.7,2.85,0.0,0.0,0.0,0.0415,0.05,2,0.0221,9,0,syn_20260831_001258,2026-08-17,2026-08-30,1
4,129.93,7.85,0.1354,0.057,0.1811,0.1314,0.1362,11,0.6196,9,3,syn_20260831_001259,2026-08-17,2026-08-30,1
3,240.8,3.78,0.0422,0.0373,0.0143,0.1658,0.2372,7,0.5309,8,3,syn_20260831_001260,2026-08-17,2026-08-30,1
4,147.09,6.31,0.2463,0.2588,0.0418,0.134,0.0338,13,0.7963,11,1,syn_20260831_001261,2026-08-17,2026-08-30,1
4,134.63,7.6,0.2789,0.2636,0.0252,0.137,0.0132,9,0.7687,7,2,syn_20260831_001262,2026-08-17,2026-08-30,1
1,12.6,2.47,0.0,0.0,0.0,0.0394,0.0191,2,0.0882,10,9,syn_20260831_001263,2026-08-17,2026-08-30,1
4,120.91,7.92,0.3371,0.2331,0.0344,0.1431,0.0229,12,0.756,5,0,syn_20260831_001264,2026-08-17,2026-08-30,1
5,125.44,4.95,0.2996,0.3159,0.0456,0.1312,0.0519,15,0.7939,9,1,syn_20260831_001265,2026-08-17,2026-08-30,1
1,7.41,2.44,0.0,0.0,0.0,0.0365,0.0433,2,0.0395,5,2,syn_20260831_001266,2026-08-17,2026-08-30,1
4,148.36,7.54,0.35,0.3142,0.0,0.0916,0.0155,14,0.7217,9,2,syn_20260831_001267,2026-08-17,2026-08-30,1
4,96.49,10.0,0.15,0.1404,0.1959,0.1615,0.1305,14,0.5,14,2,syn_20260831_001268,2026-08-17,2026-08-30,1
4,222.05,8.36,0.1468,0.085,0.2785,0.1111,0.1334,13,0.5041,6,2,syn_20260831_001269,2026-08-17,2026-08-30,1
7,220.84,8.63,0.1476,0.0873,0.1832,0.1776,0.0965,17,0.6696,9,2,syn_20260831_001270,2026-08-17,2026-08-30,1
1,26.34,2.8,0.0,0.0,0.0,0.0092,0.0048,2,0.0269,10,5,syn_20260831_001271,2026-08-17,2026-08-30,1
5,157.91,9.72,0.0806,0.1243,0.2583,0.1466,0.0914,13,0.5623,6,2,syn_20260831_001272,2026-08-17,2026-08-30,1
3,142.98,4.33,0.0746,0.0287,0.05,0.1331,0.2476,7,0.3907,13,1,syn_20260831_001273,2026-08-17,2026-08-30,1
3,122.16,7.13,0.26,0.2819,0.0374,0.05,0.0446,14,0.6182,8,1,syn_20260831_001274,2026-08-17,2026-08-30,1
7,119.48,6.69,0.1424,0.113,0.15,0.1227,0.12,13,0.7297,13,2,syn_20260831_001275,2026-08-17,2026-08-30,1
4,215.19,4.22,0.0888,0.0125,0.0335,0.1533,0.3,7,0.4976,13,4,syn_20260831_001276,2026-08-17,2026-08-30,1
6,209.86,9.04,0.1327,0.1316,0.1902,0.1617,0.15,20,0.6105,8,0,syn_20260831_001277,2026-08-17,2026-08-30,1
5,107.93,7.24,0.2176,0.2801,0.0338,0.0755,0.0043,11,0.6102,9,2,syn_20260831_001278,2026-08-17,2026-08-30,1
4,300.0,4.08,0.0628,0.0394,0.0279,0.1196,0.231,6,0.6,12,0,syn_20260831_001279,2026-08-17,2026-08-30,1
6,172.64,7.85,0.2717,0.3086,0.0275,0.0842,0.046,13,0.7759,11,2,syn_20260831_001280,2026-08-17,2026-08-30,1
5,166.86,8.0,0.2447,0.2549,0.0399,0.1219,0.0888,14,0.7952,4,0,syn_20260831_001281,2026-08-17,2026-08-30,1
3,159.39,7.81,0.1913,0.1839,0.0041,0.1403,0.0148,13,0.6523,12,3,syn_20260831_001282,2026-08-17,2026-08-30,1
2,156.42,5.08,0.0355,0.0192,0.0193,0.2341,0.1678,5,0.5727,14,1,syn_20260831_001283,2026-08-17,2026-08-30,1
1,12.98,2.29,0.0,0.0,0.0,0.0225,0.0051,2,0.1948,1,1,syn_20260831_001284,2026-08-17,2026-08-30,1
4,86.31,6.83,0.3238,0.1984,0.05,0.0886,0.0403,15,0.701,12,1,syn_20260831_001285,2026-08-17,2026-08-30,1
7,211.98,6.93,0.0775,0.0927,0.2579,0.1393,0.138,17,0.7257,10,3,syn_20260831_001286,2026-08-17,2026-08-30,1
6,121.07,6.05,0.0619,0.1019,0.2277,0.114,0.1085,16,0.5,8,2,syn_20260831_001287,2026-08-17,2026-08-30,1
2,211.94,4.36,0.0081,0.0372,0.0319,0.2394,0.15,6,0.3972,8,4,syn_20260831_001288,2026-08-17,2026-08-30,1
3,100.39,5.24,0.3149,0.2411,0.05,0.0825,0.0773,13,0.6369,9,0,syn_20260831_001289,2026-08-17,2026-08-30,1
7,152.58,5.0,0.1451,0.1332,0.1945,0.1756,0.125,19,0.6991,9,1,syn_20260831_001290,2026-08-17,2026-08-30,1
4,247.78,3.0,0.1,0.03,0.0451,0.1815,0.3,5,0.4782,8,0,syn_20260831_001291,2026-08-17,2026-08-30,1
5,180.0,7.23,0.2789,0.2114,0.037,0.05,0.0882,10,0.6125,13,1,syn_20260831_001292,2026-08-17,2026-08-30,1
1,18.18,2.49,0.0,0.0,0.0,0.02,0.0013,2,0.0074,9,9,syn_20260831_001293,2026-08-17,2026-08-30,1
6,153.03,5.73,0.1622,0.35,0.0219,0.1267,0.0662,14,0.8137,9,2,syn_20260831_001294,2026-08-17,2026-08-30,1
2,36.52,2.98,0.0088,0.0113,0.0412,0.0459,0.05,5,0.0182,9,0,syn_20260831_001295,2026-08-17,2026-08-30,1
5,106.03,8.55,0.0624,0.1063,0.2628,0.1876,0.1247,12,0.53,6,3,syn_20260831_001296,2026-08-17,2026-08-30,1
4,221.88,4.86,0.0532,0.0427,0.0052,0.2114,0.2442,6,0.322,5,0,syn_20260831_001297,2026-08-17,2026-08-30,1
5,99.7,7.45,0.1629,0.1705,0.009,0.114,0.044,8,0.7515,9,2,syn_20260831_001298,2026-08-17,2026-08-30,1
8,182.07,5.37,0.0728,0.05,0.2528,0.1868,0.15,10,0.6627,13,2,syn_20260831_001299,2026-08-17,2026-08-30,1
5,86.98,5.67,0.2817,0.3042,0.0144,0.0763,0.0941,14,0.7458,13,2,syn_20260831_001300,2026-08-17,2026-08-30,1
2,10.0,2.07,0.0369,0.0384,0.0304,0.0427,0.0464,3,0.0273,12,6,syn_20260831_001301,2026-08-17,2026-08-30,1
3,130.15,3.67,0.0887,0.0032,0.0072,0.1674,0.2537,6,0.5239,6,4,syn_20260831_001302,2026-08-17,2026-08-30,1
7,111.74,8.05,0.1007,0.15,0.2015,0.1553,0.0736,11,0.5168,7,2,syn_20260831_001303,2026-08-17,2026-08-30,1
4,120.46,5.76,0.1046,0.0757,0.15,0.1466,0.1474,17,0.7215,11,2,syn_20260831_001304,2026-08-17,2026-08-30,1
1,30.24,2.36,0.0,0.0,0.0,0.0434,0.0334,2,0.0,2,1,syn_20260831_001305,2026-08-17,2026-08-30,1
1,11.85,2.58,0.0,0.0,0.0,0.0235,0.0,3,0.0821,10,3,syn_20260831_001306,2026-08-17,2026-08-30,1
4,176.0,6.35,0.2764,0.2565,0.047,0.1345,0.0874,12,0.85,6,2,syn_20260831_001307,2026-08-17,2026-08-30,1
6,225.49,5.52,0.0926,0.1026,0.2465,0.1969,0.0502,10,0.5996,5,0,syn_20260831_001308,2026-08-17,2026-08-30,1
1,30.57,2.37,0.0,0.0,0.0,0.0317,0.0,2,0.0563,9,8,syn_20260831_001309,2026-08-17,2026-08-30,1
4,264.63,4.55,0.1,0.0416,0.0137,0.18,0.1935,10,0.3482,4,0,syn_20260831_001310,2026-08-17,2026-08-30,1
1,21.84,3.39,0.0361,0.0224,0.028,0.0673,0.0285,3,0.0736,5,0,syn_20260831_001311,2026-08-17,2026-08-30,1
4,115.47,5.92,0.2129,0.35,0.0343,0.1046,0.0359,10,0.8076,13,1,syn_20260831_001312,2026-08-17,2026-08-30,1
1,27.13,2.8,0.0,0.0,0.0,0.0181,0.0081,2,0.1794,10,4,syn_20260831_001313,2026-08-17,2026-08-30,1
3,122.17,5.38,0.1894,0.2735,0.0441,0.1207,0.0181,11,0.6551,9,3,syn_20260831_001314,2026-08-17,2026-08-30,1
3,165.82,5.63,0.1586,0.292,0.01,0.1278,0.0649,13,0.804,9,3,syn_20260831_001315,2026-08-17,2026-08-30,1
2,11.04,2.39,0.0152,0.0403,0.0281,0.0,0.0391,5,0.338,2,0,syn_20260831_001316,2026-08-17,2026-08-30,1
4,128.61,6.39,0.2372,0.2827,0.0454,0.1422,0.065,11,0.85,4,1,syn_20260831_001317,2026-08-17,2026-08-30,1
5,159.94,8.28,0.0764,0.0964,0.2286,0.1569,0.0851,12,0.5662,6,0,syn_20260831_001318,2026-08-17,2026-08-30,1
7,123.56,9.31,0.1065,0.1385,0.2527,0.1932,0.1225,13,0.7162,11,0,syn_20260831_001319,2026-08-17,2026-08-30,1
2,286.79,7.27,0.0385,0.0058,0.042,0.1621,0.244,10,0.4599,10,5,syn_20260831_001320,2026-08-17,2026-08-30,1
3,177.31,5.63,0.0898,0.0,0.0363,0.2054,0.2667,7,0.315,11,1,syn_20260831_001321,2026-08-17,2026-08-30,1
3,195.97,4.65,0.1,0.0029,0.0291,0.1926,0.1683,8,0.4077,8,3,syn_20260831_001322,2026-08-17,2026-08-30,1
5,118.65,5.98,0.2062,0.2558,0.0014,0.128,0.1,14,0.6691,13,2,syn_20260831_001323,2026-08-17,2026-08-30,1
1,19.63,2.45,0.0,0.0,0.0,0.0214,0.0458,2,0.0904,9,3,syn_20260831_001324,2026-08-17,2026-08-30,1
4,255.49,5.21,0.0958,0.0445,0.05,0.1335,0.2717,9,0.3594,9,3,syn_20260831_001325,2026-08-17,2026-08-30,1
1,15.85,2.7,0.0,0.0,0.0,0.0348,0.0209,3,0.0872,9,2,syn_20260831_001326,2026-08-17,2026-08-30,1
4,140.12,4.51,0.1518,0.2792,0.0096,0.1093,0.025,13,0.6288,13,4,syn_20260831_001327,2026-08-17,2026-08-30,1
1,35.31,2.2,0.0,0.0,0.0,0.0466,0.0324,2,0.1743,9,2,syn_20260831_001328,2026-08-17,2026-08-30,1
3,173.1,4.41,0.0771,0.025,0.005,0.2119,0.1536,7,0.3333,3,2,syn_20260831_001329,2026-08-17,2026-08-30,1
1,37.76,2.58,0.0054,0.0326,0.0043,0.0071,0.0087,3,0.2655,9,0,syn_20260831_001330,2026-08-17,2026-08-30,1
6,91.18,6.22,0.15,0.1521,0.0454,0.1314,0.0843,14,0.7399,8,3,syn_20260831_001331,2026-08-17,2026-08-30,1
5,163.79,4.39,0.1689,0.3288,0.0047,0.082,0.0558,14,0.804,14,1,syn_20260831_001332,2026-08-17,2026-08-30,1
4,158.22,5.6,0.0231,0.0147,0.0192,0.1225,0.2148,6,0.4294,13,1,syn_20260831_001333,2026-08-17,2026-08-30,1
1,9.79,2.44,0.0,0.0,0.0,0.0424,0.0292,2,0.1348,1,1,syn_20260831_001334,2026-08-17,2026-08-30,1
2,37.5,3.08,0.0,0.0096,0.0415,0.0367,0.0355,3,0.2028,9,3,syn_20260831_001335,2026-08-17,2026-08-30,1
5,139.48,4.63,0.2326,0.2387,0.0288,0.13,0.0001,14,0.7086,8,3,syn_20260831_001336,2026-08-17,2026-08-30,1
3,138.91,5.82,0.0822,0.05,0.0501,0.1369,0.199,6,0.6264,13,0,syn_20260831_001337,2026-08-17,2026-08-30,1
4,149.9,4.4,0.0726,0.0409,0.0184,0.1333,0.1943,9,0.6,13,5,syn_20260831_001338,2026-08-17,2026-08-30,1
4,191.78,5.22,0.1,0.0419,0.0147,0.2247,0.2348,7,0.3977,11,4,syn_20260831_001339,2026-08-17,2026-08-30,1
5,206.21,5.4,0.1074,0.1203,0.2052,0.1608,0.0689,12,0.6993,9,0,syn_20260831_001340,2026-08-17,2026-08-30,1
1,10.0,2.53,0.0355,0.05,0.0214,0.0816,0.002,3,0.0607,10,3,syn_20260831_001341,2026-08-17,2026-08-30,1
7,166.7,7.79,0.0914,0.139,0.1531,0.106,0.0924,11,0.5067,8,2,syn_20260831_001342,2026-08-17,2026-08-30,1
4,109.21,6.55,0.1702,0.181,0.003,0.0969,0.0435,13,0.7716,14,2,syn_20260831_001343,2026-08-17,2026-08-30,1
4,183.4,7.69,0.1045,0.0533,0.1988,0.1682,0.05,18,0.5904,9,2,syn_20260831_001344,2026-08-17,2026-08-30,1
6,120.18,6.5,0.3468,0.2972,0.0214,0.1237,0.0257,13,0.6668,9,3,syn_20260831_001345,2026-08-17,2026-08-30,1
4,180.0,5.1,0.15,0.3174,0.0,0.0943,0.0985,15,0.6355,9,2,syn_20260831_001346,2026-08-17,2026-08-30,1
4,76.71,7.94,0.275,0.1949,0.0245,0.0664,0.1,8,0.6153,14,2,syn_20260831_001347,2026-08-17,2026-08-30,1
4,90.72,5.3,0.2789,0.233,0.05,0.0914,0.0517,9,0.679,11,2,syn_20260831_001348,2026-08-17,2026-08-30,1
1,22.32,2.91,0.0,0.0,0.0,0.0359,0.0105,2,0.0358,14,2,syn_20260831_001349,2026-08-17,2026-08-30,1
1,27.74,2.3,0.0,0.0,0.0,0.0207,0.0368,2,0.1105,9,3,syn_20260831_001350,2026-08-17,2026-08-30,1
7,240.0,5.94,0.1088,0.0754,0.2701,0.1689,0.127,13,0.6184,11,2,syn_20260831_001351,2026-08-17,2026-08-30,1
1,27.43,2.44,0.0,0.0,0.0,0.0411,0.0445,2,0.1116,9,2,syn_20260831_001352,2026-08-17,2026-08-30,1
7,221.4,6.62,0.0719,0.1492,0.2168,0.1876,0.15,17,0.5713,7,1,syn_20260831_001353,2026-08-17,2026-08-30,1
3,169.34,5.26,0.15,0.3283,0.0119,0.1243,0.0651,10,0.7448,14,3,syn_20260831_001354,2026-08-17,2026-08-30,1
2,120.0,4.88,0.0538,0.0327,0.0211,0.1594,0.2229,9,0.4614,7,2,syn_20260831_001355,2026-08-17,2026-08-30,1
2,274.46,3.0,0.0182,0.05,0.0322,0.25,0.2191,6,0.3459,8,4,syn_20260831_001356,2026-08-17,2026-08-30,1
1,38.35,2.08,0.0223,0.0213,0.05,0.0668,0.0065,2,0.2158,9,1,syn_20260831_001357,2026-08-17,2026-08-30,1
4,107.38,7.69,0.2816,0.2226,0.049,0.0908,0.0613,10,0.6,9,1,syn_20260831_001358,2026-08-17,2026-08-30,1
5,118.07,7.91,0.2285,0.2518,0.0231,0.1157,0.007,13,0.6286,11,4,syn_20260831_001359,2026-08-17,2026-08-30,1
1,22.7,2.56,0.0,0.0,0.0,0.0219,0.0252,2,0.1188,7,4,syn_20260831_001360,2026-08-17,2026-08-30,1
6,135.94,5.59,0.2215,0.1976,0.0113,0.0953,0.0685,10,0.85,11,3,syn_20260831_001361,2026-08-17,2026-08-30,1
1,22.03,3.0,0.0,0.0,0.0,0.0369,0.0038,2,0.0094,13,3,syn_20260831_001362,2026-08-17,2026-08-30,1
5,118.8,5.56,0.1181,0.1489,0.235,0.1794,0.0946,16,0.6553,11,2,syn_20260831_001363,2026-08-17,2026-08-30,1
4,124.48,7.53,0.2794,0.2128,0.0439,0.1299,0.1,10,0.6226,13,2,syn_20260831_001364,2026-08-17,2026-08-30,1
1,5.0,2.7,0.0,0.0,0.0,0.0067,0.0404,3,0.0753,9,1,syn_20260831_001365,2026-08-17,2026-08-30,1
6,180.0,4.47,0.2622,0.2975,0.0459,0.0674,0.025,9,0.7275,10,2,syn_20260831_001366,2026-08-17,2026-08-30,1
1,9.77,2.41,0.0,0.0,0.0,0.0097,0.0374,2,0.1512,7,6,syn_20260831_001367,2026-08-17,2026-08-30,1
4,269.75,5.97,0.026,0.0289,0.0401,0.1764,0.15,10,0.5472,5,2,syn_20260831_001368,2026-08-17,2026-08-30,1
3,140.39,4.17,0.0644,0.0,0.0206,0.2255,0.2882,6,0.5084,4,2,syn_20260831_001369,2026-08-17,2026-08-30,1
5,215.11,9.68,0.132,0.1257,0.245,0.1879,0.0596,12,0.5034,7,3,syn_20260831_001370,2026-08-17,2026-08-30,1
1,21.87,2.0,0.0,0.0,0.0,0.0259,0.013,2,0.144,2,0,syn_20260831_001371,2026-08-17,2026-08-30,1
3,145.16,3.0,0.0408,0.0239,0.0131,0.208,0.1794,5,0.3,3,2,syn_20260831_001372,2026-08-17,2026-08-30,1
5,162.15,6.44,0.1395,0.1483,0.2307,0.1953,0.053,10,0.6603,9,3,syn_20260831_001373,2026-08-17,2026-08-30,1
2,120.0,3.12,0.0129,0.0235,0.0412,0.1802,0.2263,5,0.5449,13,1,syn_20260831_001374,2026-08-17,2026-08-30,1
5,90.0,8.17,0.0599,0.1361,0.1718,0.1747,0.1162,16,0.5861,13,2,syn_20260831_001375,2026-08-17,2026-08-30,1
2,147.78,5.86,0.0682,0.0477,0.0219,0.1734,0.2284,8,0.4503,5,0,syn_20260831_001376,2026-08-17,2026-08-30,1
6,136.63,6.06,0.0923,0.1457,0.2294,0.1779,0.1129,17,0.75,7,0,syn_20260831_001377,2026-08-17,2026-08-30,1
1,20.86,2.31,0.0,0.0,0.0,0.0279,0.0223,2,0.1216,4,1,syn_20260831_001378,2026-08-17,2026-08-30,1
5,165.77,6.05,0.1216,0.1354,0.2,0.1772,0.0611,10,0.6396,8,2,syn_20260831_001379,2026-08-17,2026-08-30,1
6,89.26,5.9,0.2937,0.2704,0.0181,0.0957,0.0328,8,0.6066,7,1,syn_20260831_001380,2026-08-17,2026-08-30,1
5,70.52,5.58,0.1547,0.2061,0.0276,0.0921,0.0584,9,0.6424,4,1,syn_20260831_001381,2026-08-17,2026-08-30,1
5,76.37,6.66,0.158,0.3165,0.0444,0.0501,0.069,13,0.824,3,0,syn_20260831_001382,2026-08-17,2026-08-30,1
4,96.55,4.47,0.1518,0.3095,0.0183,0.1367,0.0861,10,0.8173,5,1,syn_20260831_001383,2026-08-17,2026-08-30,1
4,87.83,6.48,0.1839,0.1705,0.0048,0.0905,0.0724,15,0.6241,7,3,syn_20260831_001384,2026-08-17,2026-08-30,1
3,134.81,5.8,0.342,0.2259,0.041,0.1036,0.1,13,0.7289,9,1,syn_20260831_001385,2026-08-17,2026-08-30,1
3,217.41,3.59,0.0603,0.0041,0.0027,0.1735,0.2419,10,0.5035,11,1,syn_20260831_001386,2026-08-17,2026-08-30,1
1,27.11,2.22,0.0,0.0,0.0,0.05,0.0397,2,0.0589,6,0,syn_20260831_001387,2026-08-17,2026-08-30,1
6,76.34,4.07,0.1639,0.2438,0.0094,0.0958,0.0166,13,0.6,5,3,syn_20260831_001388,2026-08-17,2026-08-30,1
4,163.49,4.26,0.1685,0.1741,0.0149,0.0853,0.092,11,0.6887,3,2,syn_20260831_001389,2026-08-17,2026-08-30,1
6,240.0,5.43,0.0657,0.15,0.1539,0.112,0.0747,20,0.6047,7,2,syn_20260831_001390,2026-08-17,2026-08-30,1
3,135.94,5.65,0.2453,0.2286,0.05,0.1126,0.0211,9,0.7204,10,4,syn_20260831_001391,2026-08-17,2026-08-30,1
6,110.68,6.66,0.2291,0.2424,0.0112,0.112,0.0198,9,0.7546,12,3,syn_20260831_001392,2026-08-17,2026-08-30,1
8,102.25,5.39,0.1202,0.1365,0.1936,0.1271,0.0793,18,0.5378,6,1,syn_20260831_001393,2026-08-17,2026-08-30,1
8,162.3,9.25,0.1163,0.0789,0.2746,0.1073,0.1247,12,0.6097,9,1,syn_20260831_001394,2026-08-17,2026-08-30,1
1,12.36,2.05,0.0,0.0,0.0,0.0388,0.0047,2,0.0692,9,1,syn_20260831_001395,2026-08-17,2026-08-30,1
7,189.27,8.07,0.1371,0.0693,0.3,0.1861,0.0944,17,0.5393,9,3,syn_20260831_001396,2026-08-17,2026-08-30,1
1,33.45,2.8,0.0,0.0,0.0,0.0011,0.0125,2,0.0551,9,1,syn_20260831_001397,2026-08-17,2026-08-30,1
6,201.25,7.86,0.1083,0.0866,0.228,0.1459,0.05,16,0.579,9,1,syn_20260831_001398,2026-08-17,2026-08-30,1
2,53.17,2.32,0.0382,0.0381,0.035,0.0969,0.0306,3,0.3151,9,2,syn_20260831_001399,2026-08-17,2026-08-30,1
4,158.05,5.26,0.1701,0.3075,0.0141,0.0505,0.0961,10,0.7827,9,1,syn_20260831_001400,2026-08-17,2026-08-30,1
7,187.11,8.11,0.0651,0.1333,0.2575,0.1891,0.0696,20,0.5932,9,2,syn_20260831_001401,2026-08-17,2026-08-30,1
7,127.31,9.04,0.1187,0.15,0.1714,0.1786,0.05,15,0.6752,13,3,syn_20260831_001402,2026-08-17,2026-08-30,1
1,16.22,2.5,0.0,0.0,0.0,0.0407,0.0015,2,0.1845,9,2,syn_20260831_001403,2026-08-17,2026-08-30,1
5,100.89,8.0,0.15,0.1594,0.0,0.0681,0.1,13,0.7919,9,4,syn_20260831_001404,2026-08-17,2026-08-30,1
6,196.33,7.61,0.0796,0.1024,0.2012,0.1345,0.0656,17,0.5,9,1,syn_20260831_001405,2026-08-17,2026-08-30,1
4,129.77,5.52,0.2119,0.2751,0.015,0.0806,0.0483,15,0.8283,7,2,syn_20260831_001406,2026-08-17,2026-08-30,1
5,206.26,6.27,0.1108,0.1355,0.2064,0.1944,0.1145,18,0.5,6,0,syn_20260831_001407,2026-08-17,2026-08-30,1
6,218.88,5.0,0.0896,0.0757,0.2826,0.1062,0.0919,13,0.7003,9,3,syn_20260831_001408,2026-08-17,2026-08-30,1
4,209.26,5.82,0.0986,0.1195,0.2952,0.1696,0.0951,14,0.6774,7,0,syn_20260831_001409,2026-08-17,2026-08-30,1
4,180.58,5.62,0.1422,0.05,0.1656,0.1436,0.0783,17,0.6523,13,1,syn_20260831_001410,2026-08-17,2026-08-30,1
3,220.33,5.66,0.0918,0.0253,0.005,0.1384,0.2482,8,0.4993,5,1,syn_20260831_001411,2026-08-17,2026-08-30,1
2,212.89,7.36,0.0399,0.0218,0.0168,0.1372,0.1977,11,0.5098,9,6,syn_20260831_001412,2026-08-17,2026-08-30,1
4,210.8,4.0,0.0905,0.0188,0.095,0.1422,0.2799,10,0.5198,12,6,syn_20260831_001413,2026-08-17,2026-08-30,1
2,15.32,2.83,0.0264,0.033,0.019,0.0931,0.0408,4,0.2346,7,5,syn_20260831_001414,2026-08-17,2026-08-30,1
1,38.2,3.0,0.0,0.0,0.0,0.0307,0.0344,3,0.0546,3,2,syn_20260831_001415,2026-08-17,2026-08-30,1
4,202.14,4.35,0.0588,0.013,0.0182,0.1392,0.2734,8,0.6382,8,7,syn_20260831_001416,2026-08-17,2026-08-30,1
6,74.13,6.61,0.1737,0.2028,0.0021,0.1192,0.0834,12,0.7601,14,2,syn_20260831_001417,2026-08-17,2026-08-30,1
5,132.72,7.44,0.35,0.35,0.0362,0.0823,0.039,11,0.6649,9,4,syn_20260831_001418,2026-08-17,2026-08-30,1
6,102.9,6.71,0.15,0.2419,0.031,0.1156,0.0499,10,0.7688,9,2,syn_20260831_001419,2026-08-17,2026-08-30,1
5,80.16,7.24,0.343,0.3149,0.0065,0.1089,0.0578,13,0.7477,9,0,syn_20260831_001420,2026-08-17,2026-08-30,1
5,107.55,9.23,0.1189,0.0915,0.1562,0.114,0.05,18,0.714,9,2,syn_20260831_001421,2026-08-17,2026-08-30,1
4,113.59,6.36,0.1451,0.1347,0.1803,0.184,0.1084,15,0.6108,5,1,syn_20260831_001422,2026-08-17,2026-08-30,1
2,189.14,6.0,0.0332,0.0059,0.0218,0.2166,0.2779,9,0.4731,8,4,syn_20260831_001423,2026-08-17,2026-08-30,1
3,242.35,6.65,0.0558,0.0174,0.0526,0.1255,0.267,11,0.6397,11,0,syn_20260831_001424,2026-08-17,2026-08-30,1
1,30.06,2.87,0.0,0.0,0.0,0.0288,0.0397,3,0.1107,7,5,syn_20260831_001425,2026-08-17,2026-08-30,1
4,62.19,5.49,0.1718,0.2515,0.0208,0.1481,0.0921,13,0.8265,6,1,syn_20260831_001426,2026-08-17,2026-08-30,1
2,34.95,2.97,0.0186,0.01,0.0331,0.079,0.0491,4,0.3278,8,2,syn_20260831_001427,2026-08-17,2026-08-30,1
5,70.75,6.85,0.174,0.2012,0.0401,0.1183,0.0049,8,0.6606,11,4,syn_20260831_001428,2026-08-17,2026-08-30,1
2,121.08,7.09,0.0108,0.0358,0.0968,0.1417,0.2747,9,0.5575,4,0,syn_20260831_001429,2026-08-17,2026-08-30,1
1,17.93,2.23,0.0,0.0,0.0,0.0292,0.0223,2,0.0082,9,5,syn_20260831_001430,2026-08-17,2026-08-30,1
4,142.36,4.0,0.1673,0.2159,0.0448,0.0948,0.0,11,0.7615,14,1,syn_20260831_001431,2026-08-17,2026-08-30,1
7,154.78,9.72,0.1275,0.0603,0.2845,0.1801,0.081,10,0.6219,11,3,syn_20260831_001432,2026-08-17,2026-08-30,1
2,172.52,3.64,0.0144,0.0,0.0134,0.2323,0.15,5,0.501,9,5,syn_20260831_001433,2026-08-17,2026-08-30,1
5,117.0,4.0,0.2867,0.178,0.0082,0.0893,0.024,15,0.6,13,0,syn_20260831_001434,2026-08-17,2026-08-30,1
4,300.0,6.18,0.0947,0.0425,0.0921,0.1296,0.2611,7,0.5826,9,0,syn_20260831_001435,2026-08-17,2026-08-30,1
6,133.46,5.09,0.2917,0.1779,0.0235,0.107,0.0172,8,0.8135,4,1,syn_20260831_001436,2026-08-17,2026-08-30,1
7,172.52,5.57,0.15,0.15,0.2607,0.1396,0.0732,13,0.7195,12,3,syn_20260831_001437,2026-08-17,2026-08-30,1
1,34.94,2.71,0.0,0.0,0.0,0.037,0.0369,2,0.0923,8,0,syn_20260831_001438,2026-08-17,2026-08-30,1
4,180.05,3.03,0.079,0.0099,0.0309,0.1219,0.2996,10,0.5794,11,4,syn_20260831_001439,2026-08-17,2026-08-30,1
1,17.81,2.7,0.0,0.0,0.0,0.0084,0.0095,3,0.0179,1,0,syn_20260831_001440,2026-08-17,2026-08-30,1
1,30.38,2.37,0.0,0.0,0.0,0.0297,0.0452,2,0.1456,9,3,syn_20260831_001441,2026-08-17,2026-08-30,1
5,76.05,7.24,0.3323,0.1665,0.0351,0.0895,0.0559,11,0.8274,9,3,syn_20260831_001442,2026-08-17,2026-08-30,1
1,5.37,2.94,0.0,0.0,0.0,0.0107,0.015,3,0.0184,5,0,syn_20260831_001443,2026-08-17,2026-08-30,1
5,74.58,6.3,0.2061,0.1581,0.0207,0.0908,0.0098,12,0.7649,14,3,syn_20260831_001444,2026-08-17,2026-08-30,1
5,90.0,6.78,0.0807,0.0756,0.2014,0.1,0.0656,12,0.541,9,0,syn_20260831_001445,2026-08-17,2026-08-30,1
4,120.0,3.85,0.0729,0.0363,0.0251,0.1917,0.157,9,0.3968,7,5,syn_20260831_001446,2026-08-17,2026-08-30,1
1,22.06,2.0,0.0,0.0,0.0,0.0316,0.0074,2,0.1448,4,1,syn_20260831_001447,2026-08-17,2026-08-30,1
5,109.98,7.3,0.1434,0.1026,0.2727,0.1596,0.0916,10,0.7226,7,1,syn_20260831_001448,2026-08-17,2026-08-30,1
8,200.13,9.67,0.1293,0.0559,0.1608,0.1881,0.0847,19,0.5626,9,3,syn_20260831_001449,2026-08-17,2026-08-30,1
4,119.59,4.54,0.35,0.3252,0.0246,0.1123,0.0165,13,0.7031,6,3,syn_20260831_001450,2026-08-17,2026-08-30,1
3,287.96,4.28,0.0339,0.0443,0.029,0.2014,0.278,10,0.3443,4,3,syn_20260831_001451,2026-08-17,2026-08-30,1
5,163.36,6.88,0.1496,0.12,0.2757,0.1369,0.0836,18,0.5519,8,3,syn_20260831_001452,2026-08-17,2026-08-30,1
4,113.4,7.72,0.3111,0.2691,0.0375,0.0983,0.0,10,0.8091,9,0,syn_20260831_001453,2026-08-17,2026-08-30,1
3,60.0,7.49,0.3026,0.2723,0.0,0.1498,0.0798,14,0.7107,9,2,syn_20260831_001454,2026-08-17,2026-08-30,1
3,254.24,5.11,0.0194,0.0255,0.057,0.1375,0.1927,8,0.5042,14,4,syn_20260831_001455,2026-08-17,2026-08-30,1
4,110.01,5.24,0.2925,0.3269,0.0386,0.1228,0.0281,10,0.7889,3,2,syn_20260831_001456,2026-08-17,2026-08-30,1
5,120.55,5.88,0.3155,0.2185,0.0365,0.1302,0.0375,8,0.6438,6,2,syn_20260831_001457,2026-08-17,2026-08-30,1
4,184.08,7.7,0.1183,0.0568,0.28,0.1171,0.1034,20,0.6021,7,0,syn_20260831_001458,2026-08-17,2026-08-30,1
5,87.55,4.33,0.3411,0.1864,0.0315,0.1214,0.0605,9,0.6376,4,2,syn_20260831_001459,2026-08-17,2026-08-30,1
5,109.37,6.84,0.322,0.2036,0.0087,0.0566,0.009,11,0.6822,5,1,syn_20260831_001460,2026-08-17,2026-08-30,1
3,185.91,5.27,0.047,0.0059,0.009,0.1318,0.2772,7,0.5294,10,4,syn_20260831_001461,2026-08-17,2026-08-30,1
4,168.61,6.93,0.3068,0.3469,0.0217,0.1031,0.0221,13,0.7954,4,0,syn_20260831_001462,2026-08-17,2026-08-30,1
4,100.72,8.71,0.103,0.1171,0.2958,0.1022,0.0752,18,0.5249,14,2,syn_20260831_001463,2026-08-17,2026-08-30,1
4,272.22,5.48,0.0911,0.0113,0.0491,0.13,0.1766,10,0.4937,3,2,syn_20260831_001464,2026-08-17,2026-08-30,1
3,79.03,8.0,0.2379,0.1816,0.0187,0.0589,0.0087,15,0.7141,13,4,syn_20260831_001465,2026-08-17,2026-08-30,1
4,193.04,8.2,0.067,0.0921,0.1745,0.1367,0.11,15,0.6203,13,2,syn_20260831_001466,2026-08-17,2026-08-30,1
5,111.01,6.82,0.2241,0.2376,0.0288,0.1433,0.011,15,0.7375,8,2,syn_20260831_001467,2026-08-17,2026-08-30,1
3,271.0,4.33,0.0481,0.0253,0.0375,0.1483,0.2889,6,0.4242,9,5,syn_20260831_001468,2026-08-17,2026-08-30,1
4,168.05,4.53,0.2891,0.2684,0.0204,0.1273,0.0517,8,0.7386,11,3,syn_20260831_001469,2026-08-17,2026-08-30,1
4,170.69,4.7,0.0905,0.0043,0.0219,0.101,0.1596,7,0.576,11,4,syn_20260831_001470,2026-08-17,2026-08-30,1
4,126.5,7.71,0.3178,0.2804,0.0,0.0539,0.0542,10,0.7177,4,4,syn_20260831_001471,2026-08-17,2026-08-30,1
6,180.0,4.14,0.3152,0.1645,0.0173,0.15,0.0807,12,0.6948,13,0,syn_20260831_001472,2026-08-17,2026-08-30,1
1,33.92,2.14,0.0,0.0,0.0,0.0189,0.0266,2,0.0,9,1,syn_20260831_001473,2026-08-17,2026-08-30,1
5,123.5,5.24,0.3055,0.35,0.0491,0.1474,0.0751,10,0.6407,9,3,syn_20260831_001474,2026-08-17,2026-08-30,1
3,222.9,5.59,0.0452,0.0212,0.0291,0.1505,0.2586,9,0.4004,14,4,syn_20260831_001475,2026-08-17,2026-08-30,1
6,150.19,5.0,0.0962,0.05,0.2036,0.1906,0.15,11,0.6621,12,1,syn_20260831_001476,2026-08-17,2026-08-30,1
5,129.61,6.94,0.204,0.15,0.0207,0.1113,0.0069,13,0.779,6,2,syn_20260831_001477,2026-08-17,2026-08-30,1
6,77.84,6.66,0.2103,0.2727,0.0408,0.1496,0.0162,13,0.7115,9,2,syn_20260831_001478,2026-08-17,2026-08-30,1
1,32.82,2.19,0.0,0.0,0.0,0.0266,0.0327,2,0.1626,10,6,syn_20260831_001479,2026-08-17,2026-08-30,1
5,164.68,8.61,0.0507,0.0846,0.176,0.1597,0.0517,17,0.59,9,3,syn_20260831_001480,2026-08-17,2026-08-30,1
3,260.48,6.56,0.0253,0.006,0.0862,0.1403,0.2741,12,0.7,4,1,syn_20260831_001481,2026-08-17,2026-08-30,1
1,22.72,2.57,0.0,0.0,0.0,0.0474,0.05,3,0.0,9,1,syn_20260831_001482,2026-08-17,2026-08-30,1
6,240.0,8.53,0.1122,0.1045,0.2241,0.138,0.1179,14,0.5329,13,0,syn_20260831_001483,2026-08-17,2026-08-30,1
5,76.98,5.2,0.2127,0.2943,0.0361,0.1385,0.0139,11,0.6352,5,2,syn_20260831_001484,2026-08-17,2026-08-30,1
4,153.55,4.93,0.2572,0.3193,0.0271,0.0858,0.0157,10,0.7023,11,4,syn_20260831_001485,2026-08-17,2026-08-30,1
6,111.3,8.0,0.2393,0.2365,0.0105,0.1186,0.0913,13,0.703,5,1,syn_20260831_001486,2026-08-17,2026-08-30,1
1,21.24,3.58,0.0433,0.0386,0.0153,0.0877,0.001,2,0.1631,9,5,syn_20260831_001487,2026-08-17,2026-08-30,1
3,120.0,3.1,0.0661,0.05,0.0353,0.2023,0.1975,6,0.4792,9,3,syn_20260831_001488,2026-08-17,2026-08-30,1
5,121.11,8.72,0.15,0.1174,0.26,0.1135,0.1255,11,0.6559,11,3,syn_20260831_001489,2026-08-17,2026-08-30,1
3,144.71,3.16,0.0345,0.027,0.0269,0.2402,0.15,9,0.5935,6,1,syn_20260831_001490,2026-08-17,2026-08-30,1
6,159.54,6.05,0.0853,0.1251,0.242,0.1341,0.1374,20,0.7318,9,3,syn_20260831_001491,2026-08-17,2026-08-30,1
5,174.58,6.5,0.0699,0.1369,0.2239,0.1354,0.0507,10,0.6424,10,2,syn_20260831_001492,2026-08-17,2026-08-30,1
1,13.8,2.4,0.0,0.0,0.0,0.0172,0.0366,2,0.0671,4,0,syn_20260831_001493,2026-08-17,2026-08-30,1
4,107.15,4.53,0.255,0.1638,0.05,0.0969,0.0782,12,0.7616,7,1,syn_20260831_001494,2026-08-17,2026-08-30,1
4,160.13,4.64,0.3429,0.2429,0.0204,0.1449,0.0894,12,0.6558,9,4,syn_20260831_001495,2026-08-17,2026-08-30,1
5,111.75,6.69,0.1707,0.3499,0.0101,0.1346,0.0356,13,0.6,9,3,syn_20260831_001496,2026-08-17,2026-08-30,1
1,28.88,2.11,0.0,0.0,0.0,0.0039,0.0377,2,0.1579,11,4,syn_20260831_001497,2026-08-17,2026-08-30,1
3,288.6,7.96,0.0825,0.0137,0.0899,0.2,0.2612,9,0.4,8,0,syn_20260831_001498,2026-08-17,2026-08-30,1
4,155.04,4.34,0.1756,0.1569,0.0408,0.1319,0.0834,15,0.8263,9,1,syn_20260831_001499,2026-08-17,2026-08-30,1
7,91.0,8.3,0.0585,0.1209,0.28,0.1166,0.1478,13,0.6224,9,3,syn_20260831_001500,2026-08-17,2026-08-30,1
